tokenID,name,description,file_name,attributes[Pealce],attributes[Realm],attributes[Origin],attributes[Vision],attributes[Tone],attributes[Flow],Fire,attributes[Artifact],attributes[Tier]
1,AH!rchives #1,[ˈäl̪t̪er] ヒーロー,1.png,,Rose,Ogs,Ye,Bored,,,!Chimp,1
2,AH!rchives #2,[ˈäl̪t̪er] ヒーロー,2.png,,,First Press,,,,,,3
3,AH!rchives #3,[ˈäl̪t̪er] ヒーロー,3.png,,Blū,Metal Fingers,Watcher,!AH,Clouds,Mellow,,1
4,AH!rchives #4,[ˈäl̪t̪er] ヒーロー,4.png,,Rain,Maze,Ye,All Caps,,,,1
5,AH!rchives #5,[ˈäl̪t̪er] ヒーロー,5.png,,Cream,All Star,Poska,Stoik,Tee,Bulls,,1
6,AH!rchives #6,[ˈäl̪t̪er] ヒーロー,6.png,,Runner,Seed,Ye,Yamé,Capsule,Bulls,,1
7,AH!rchives #7,[ˈäl̪t̪er] ヒーロー,7.png,,,First Press,,,,,,3
8,AH!rchives #8,[ˈäl̪t̪er] ヒーロー,8.png,,Rose,Seed,Ye,Stoik,Prospect,Onsen,,1
9,AH!rchives #9,[ˈäl̪t̪er] ヒーロー,9.png,,Runner,Seed,Hidden,Stoik,Swat,Golf,,1
10,AH!rchives #10,[ˈäl̪t̪er] ヒーロー,10.png,Double Dragon,Rain,Nebu,Tribe,All Caps,,Pega,,1
11,AH!rchives #11,[ˈäl̪t̪er] ヒーロー,11.png,,Doré,Geedorah,Stare,All Caps,Ronin,,White Noise,1
12,AH!rchives #12,[ˈäl̪t̪er] ヒーロー,12.png,,Runner,Redbone,The Slayer,All Caps,Hoodie,Golf,,2
13,AH!rchives #13,[ˈäl̪t̪er] ヒーロー,13.png,,Astro,Redbone,The Slayer,Yamé,Illest,,Supervillain,2
14,AH!rchives #14,[ˈäl̪t̪er] ヒーロー,14.png,,Doré,Golden,Ye,All Caps,,,,1
15,AH!rchives #15,[ˈäl̪t̪er] ヒーロー,15.png,Figaro,Rain,Geedorah,The Slayer,!AH,,,,1
16,AH!rchives #16,[ˈäl̪t̪er] ヒーロー,16.png,Barz,Astro,Seed,Ye,Stoik,,Halo,,1
17,AH!rchives #17,[ˈäl̪t̪er] ヒーロー,17.png,Double Dragon,Megah!,Nahki,Ye,Stoik,,Miya,,1
18,AH!rchives #18,[ˈäl̪t̪er] ヒーロー,18.png,,Runner,Seed,Ye,Candy,Fury,Pega,,1
19,AH!rchives #19,[ˈäl̪t̪er] ヒーロー,19.png,,Megah!,Maze,Stare,All Caps,Shiro,Nippon,,1
20,AH!rchives #20,[ˈäl̪t̪er] ヒーロー,20.png,,,White Label,,,,,,2
21,AH!rchives #21,[ˈäl̪t̪er] ヒーロー,21.png,,Off White,All Star,Watcher,!AH,Hoodie,Pega,,1
22,AH!rchives #22,[ˈäl̪t̪er] ヒーロー,22.png,,Sanctuary,Nahki,Surprised,Stoik,Shimokita,Seiya,,1
23,AH!rchives #23,[ˈäl̪t̪er] ヒーロー,23.png,Double Dragon,Astro,Clay,The Slayer,Stoik,,Faces,,1
24,AH!rchives #24,[ˈäl̪t̪er] ヒーロー,24.png,,Pak,Nova,Poska,Stoik,Hero,,,1
25,AH!rchives #25,[ˈäl̪t̪er] ヒーロー,25.png,,Doré,Düne,Slash,All Caps,Baller,King Of The Court,,1
26,AH!rchives #26,[ˈäl̪t̪er] ヒーロー,26.png,Figaro,Sanctuary,Metal Fingers,Poska,All Caps,,Halo,,1
27,AH!rchives #27,[ˈäl̪t̪er] ヒーロー,27.png,,Cream,Nebu,Bloody,Bored,Bō Staff,Seiya,,1
28,AH!rchives #28,[ˈäl̪t̪er] ヒーロー,28.png,,Red,Metal Fingers,Watcher,All Caps,Bō Staff,Bloodsport,,1
29,AH!rchives #29,[ˈäl̪t̪er] ヒーロー,29.png,,Fayah!,Maze,Bloody,All Caps,General,Lauriers,Supervillain,1
30,AH!rchives #30,[ˈäl̪t̪er] ヒーロー,30.png,,Cream,Nebu,Oracle,Stoik,Baller,Lauriers,,1
31,AH!rchives #31,[ˈäl̪t̪er] ヒーロー,31.png,,Runner,Seed,Surprised,Yamé,Okinawa,Onsen,,1
32,AH!rchives #32,[ˈäl̪t̪er] ヒーロー,32.png,The Next Episode,Orange,Clay,Mono,All Caps,,Lauriers,,1
33,AH!rchives #33,[ˈäl̪t̪er] ヒーロー,33.png,,Doré,Gumbo,A3000,Stoik,Tee,,!Chimp,1
34,AH!rchives #34,[ˈäl̪t̪er] ヒーロー,34.png,,P!nk,Seed,Prism,Quiet,Shimokita,,,2
35,AH!rchives #35,[ˈäl̪t̪er] ヒーロー,35.png,,Doré,Clay,Watcher,Bye.,Shiro,Seiya,,1
36,AH!rchives #36,[ˈäl̪t̪er] ヒーロー,36.png,,Blū,Geedorah,Shocked,Stoik,Clouds,!!,,1
37,AH!rchives #37,[ˈäl̪t̪er] ヒーロー,37.png,,Cream,Seed,Mono,Bored,Clouds,Birds,,1
38,AH!rchives #38,[ˈäl̪t̪er] ヒーロー,38.png,,Autumn,Seed,Mono,All Caps,Tee,,,1
39,AH!rchives #39,[ˈäl̪t̪er] ヒーロー,39.png,,Pømme,Nahki,The Slayer,Stoik,,,Meowzart,1
40,AH!rchives #40,[ˈäl̪t̪er] ヒーロー,40.png,The Next Episode,Rose,Nebu,Gaze,Stoik,,Halo,,1
41,AH!rchives #41,[ˈäl̪t̪er] ヒーロー,41.png,,Megah!,Düne,Watcher,Stoik,Rider,Mellow,,1
42,AH!rchives #42,[ˈäl̪t̪er] ヒーロー,42.png,The Shining,Neo,Nova,Tribe,All Caps,,Miya,,1
43,AH!rchives #43,[ˈäl̪t̪er] ヒーロー,43.png,,Red,Gumbo,Shocked,All Caps,Muraka,,,1
44,AH!rchives #44,[ˈäl̪t̪er] ヒーロー,44.png,,Pømme,All Star,Tribe,All Caps,,,,1
45,AH!rchives #45,[ˈäl̪t̪er] ヒーロー,45.png,,,First Press,,,,,,3
46,AH!rchives #46,[ˈäl̪t̪er] ヒーロー,46.png,,Rain,Golden,Mono,All Caps,Shimokita,King Of The Court,,1
47,AH!rchives #47,[ˈäl̪t̪er] ヒーロー,47.png,,Doré,Nahki,Stare,Curls,Baller,Lauriers,,1
48,AH!rchives #48,[ˈäl̪t̪er] ヒーロー,48.png,Double Nahki,Doré,Geedorah,Ye,Stoik,,Mellow,,1
49,AH!rchives #49,[ˈäl̪t̪er] ヒーロー,49.png,,P!nk,Redbone,Mono,Stoik,,,,1
50,AH!rchives #50,[ˈäl̪t̪er] ヒーロー,50.png,,Neo,Nebu,Bloody,All Caps,7th Chamber,Seiya,,1
51,AH!rchives #51,[ˈäl̪t̪er] ヒーロー,51.png,,Megah!,Gumbo,The Slayer,!AH,Tee,Mellow,,1
52,AH!rchives #52,[ˈäl̪t̪er] ヒーロー,52.png,,Blū,Clay,Mono,Stoik,Illest,,,2
53,AH!rchives #53,[ˈäl̪t̪er] ヒーロー,53.png,,Cream,Maze,Stare,All Caps,Baller,Onsen,,1
54,AH!rchives #54,[ˈäl̪t̪er] ヒーロー,54.png,,P!nk,All Star,The Slayer,!AH,Ronin,,,1
55,AH!rchives #55,[ˈäl̪t̪er] ヒーロー,55.png,Barz,P!nk,Gumbo,Bloody,Stoik,,Lauriers,,1
56,AH!rchives #56,[ˈäl̪t̪er] ヒーロー,56.png,,Rose,Seed,Prism,Stoik,Shiro,,White Noise,1
57,AH!rchives #57,[ˈäl̪t̪er] ヒーロー,57.png,Double Dragon,Dark Blū,Ogs,Hidden,Yamé,,Golf,,1
58,AH!rchives #58,[ˈäl̪t̪er] ヒーロー,58.png,,Dark Blū,Düne,Oracle,Stoik,Monk,Mellow,,1
59,AH!rchives #59,[ˈäl̪t̪er] ヒーロー,59.png,,Off White,Golden,The Slayer,Candy,Shiro,Seiya,,1
60,AH!rchives #60,[ˈäl̪t̪er] ヒーロー,60.png,,Cream,Odeya,Stare,Quiet,Shiro,,,1
61,AH!rchives #61,[ˈäl̪t̪er] ヒーロー,61.png,,Pak,Seed,Hidden,Quiet,Clouds,Golf,,1
62,AH!rchives #62,[ˈäl̪t̪er] ヒーロー,62.png,,Dark Blū,Seed,Mono,Stoik,General,Bloodsport,,1
63,AH!rchives #63,[ˈäl̪t̪er] ヒーロー,63.png,,Fayah!,Clay,A3000,All Caps,Muraka,Lauriers,,1
64,AH!rchives #64,[ˈäl̪t̪er] ヒーロー,64.png,Double Nahki,Pak,Nahki,Stare,Candy,,Lauriers,,1
65,AH!rchives #65,[ˈäl̪t̪er] ヒーロー,65.png,,Pømme,Redbone,Mono,Stoik,Okinawa,Nippon,,1
66,AH!rchives #66,[ˈäl̪t̪er] ヒーロー,66.png,,Cream,Clipse,The Slayer,Stoik,Illest,,,2
67,AH!rchives #67,[ˈäl̪t̪er] ヒーロー,67.png,,Black,All Star,The Slayer,Yamé,Illest,King Of The Court,,2
68,AH!rchives #68,[ˈäl̪t̪er] ヒーロー,68.png,,Off White,Metal Fingers,Mono,Stoik,!Champloo,Halo,,1
69,AH!rchives #69,[ˈäl̪t̪er] ヒーロー,69.png,,P!nk,Seed,Mercy,All Caps,Hoodie,,,1
70,AH!rchives #70,[ˈäl̪t̪er] ヒーロー,70.png,,Pak,Nova,Watcher,Vault,Hero,Bloodsport,,1
71,AH!rchives #71,[ˈäl̪t̪er] ヒーロー,71.png,,,First Press,,,,,,3
72,AH!rchives #72,[ˈäl̪t̪er] ヒーロー,72.png,Barz,Rain,Clay,Gaze,Stoik,,,!Chimp,1
73,AH!rchives #73,[ˈäl̪t̪er] ヒーロー,73.png,,Sanctuary,Seed,Tribe,Bored,Baller,Faces,,1
74,AH!rchives #74,[ˈäl̪t̪er] ヒーロー,74.png,,Rain,Maze,Gaze,All Caps,,,,1
75,AH!rchives #75,[ˈäl̪t̪er] ヒーロー,75.png,,Neo,Maze,Stare,Bye.,Shiro,Seiya,,1
76,AH!rchives #76,[ˈäl̪t̪er] ヒーロー,76.png,,Rain,Redbone,The Answer,All Caps,Rider,Bulls,,1
77,AH!rchives #77,[ˈäl̪t̪er] ヒーロー,77.png,,,First Press,,,,,,3
78,AH!rchives #78,[ˈäl̪t̪er] ヒーロー,78.png,,Off White,Redbone,Mono,Curls,Rider,,,1
79,AH!rchives #79,[ˈäl̪t̪er] ヒーロー,79.png,,Orange,Oshen,Ye,All Caps,Zanpah,Crown,,1
80,AH!rchives #80,[ˈäl̪t̪er] ヒーロー,80.png,,Orange,Clay,Sentinelle,Stoik,Shimokita,Pega,,1
81,AH!rchives #81,[ˈäl̪t̪er] ヒーロー,81.png,,Dream,Gumbo,Ye,All Caps,,Mellow,,1
82,AH!rchives #82,[ˈäl̪t̪er] ヒーロー,82.png,,Off White,Seed,Shocked,Stoik,Hoodie,Gangsta,,1
83,AH!rchives #83,[ˈäl̪t̪er] ヒーロー,83.png,,Red,Seed,Shocked,Yamé,General,Pega,,1
84,AH!rchives #84,[ˈäl̪t̪er] ヒーロー,84.png,,Pak,All Star,Watcher,Stoik,7th Chamber,,Meowzart,1
85,AH!rchives #85,[ˈäl̪t̪er] ヒーロー,85.png,,Off White,Nebu,The Slayer,Bored,Muraka,Seiya,,1
86,AH!rchives #86,[ˈäl̪t̪er] ヒーロー,86.png,,,First Press,,,,,,3
87,AH!rchives #87,[ˈäl̪t̪er] ヒーロー,87.png,,Rain,Nahki,Ye,Stoik,Rider,Seiya,,1
88,AH!rchives #88,[ˈäl̪t̪er] ヒーロー,88.png,,Rain,Maze,Surprised,All Caps,,Shift,,1
89,AH!rchives #89,[ˈäl̪t̪er] ヒーロー,89.png,,Autumn,Seed,Oracle,Stoik,Clouds,Faces,,1
90,AH!rchives #90,[ˈäl̪t̪er] ヒーロー,90.png,,Blū,Maze,Mono,All Caps,!Champloo,,Meowzart,1
91,AH!rchives #91,[ˈäl̪t̪er] ヒーロー,91.png,,Off White,Golden,The Slayer,All Caps,General,Onsen,,1
92,AH!rchives #92,[ˈäl̪t̪er] ヒーロー,92.png,,P!nk,Nova,Shocked,All Caps,!Champloo,Seiya,,1
93,AH!rchives #93,[ˈäl̪t̪er] ヒーロー,93.png,,Off White,Seed,A3000,All Caps,Avalanche,Lauriers,,1
94,AH!rchives #94,[ˈäl̪t̪er] ヒーロー,94.png,,Red,Geedorah,Ye,All Caps,,,Meowzart,1
95,AH!rchives #95,[ˈäl̪t̪er] ヒーロー,95.png,Double Dragon,Neo,Golden,Gaze,Stoik,,,!Chimp,1
96,AH!rchives #96,[ˈäl̪t̪er] ヒーロー,96.png,,Off White,Geedorah,Watcher,Golden T,Hero,Lauriers,,2
97,AH!rchives #97,[ˈäl̪t̪er] ヒーロー,97.png,,Megah!,Gumbo,Stare,Yamé,General,Halo,,1
98,AH!rchives #98,[ˈäl̪t̪er] ヒーロー,98.png,,Doré,Ogs,Slash,All Caps,General,,,1
99,AH!rchives #99,[ˈäl̪t̪er] ヒーロー,99.png,,Cream,Geedorah,Watcher,Stoik,Bō Staff,Shift,,1
100,AH!rchives #100,[ˈäl̪t̪er] ヒーロー,100.png,,,First Press,,,,,,3
101,AH!rchives #101,[ˈäl̪t̪er] ヒーロー,101.png,,Autumn,Seed,Bloody,All Caps,Clouds,Onsen,,1
102,AH!rchives #102,[ˈäl̪t̪er] ヒーロー,102.png,The Next Episode,Rose,Clay,Ye,!AH,,King Of The Court,,1
103,AH!rchives #103,[ˈäl̪t̪er] ヒーロー,103.png,,Meknah,Seed,Stare,Bored,Rider,Onsen,,1
104,AH!rchives #104,[ˈäl̪t̪er] ヒーロー,104.png,Double Dragon,Red,Gumbo,The Answer,Stoik,,Halo,,1
105,AH!rchives #105,[ˈäl̪t̪er] ヒーロー,105.png,,Cream,Golden,Ye,Bye.,Muraka,Lauriers,,1
106,AH!rchives #106,[ˈäl̪t̪er] ヒーロー,106.png,,Neo,Metal Fingers,Surprised,!AH,Tee,Mellow,,1
107,AH!rchives #107,[ˈäl̪t̪er] ヒーロー,107.png,,Pømme,Bahbū,Tribe,Stoik,Shiro,,,2
108,AH!rchives #108,[ˈäl̪t̪er] ヒーロー,108.png,,Pømme,Gumbo,Ye,Stoik,Prospect,Halo,,1
109,AH!rchives #109,[ˈäl̪t̪er] ヒーロー,109.png,,Pak,Düne,Ye,Stoik,Shimokita,,,1
110,AH!rchives #110,[ˈäl̪t̪er] ヒーロー,110.png,,Astro,Maze,Hidden,Stoik,Illest,Mellow,,2
111,AH!rchives #111,[ˈäl̪t̪er] ヒーロー,111.png,Barz,Rain,Nebu,Stare,All Caps,,Miya,,1
112,AH!rchives #112,[ˈäl̪t̪er] ヒーロー,112.png,,Rose,Seed,Gaze,Stoik,Hoodie,Extended Version,,1
113,AH!rchives #113,[ˈäl̪t̪er] ヒーロー,113.png,Barz,Pak,Nova,Tribe,Stoik,,,,1
114,AH!rchives #114,[ˈäl̪t̪er] ヒーロー,114.png,,P!nk,Seed,Comet,All Caps,,Mellow,,1
115,AH!rchives #115,[ˈäl̪t̪er] ヒーロー,115.png,,Rose,Nebu,Mono,!AH,Muraka,Golf,,1
116,AH!rchives #116,[ˈäl̪t̪er] ヒーロー,116.png,,Megah!,Metal Fingers,Poska,Stoik,Avalanche,Nippon,,1
117,AH!rchives #117,[ˈäl̪t̪er] ヒーロー,117.png,,Pømme,Geedorah,A3000,Stoik,Ronin,Lauriers,,1
118,AH!rchives #118,[ˈäl̪t̪er] ヒーロー,118.png,,Dark Blū,Seed,Prism,All Caps,Borea,Seiya,,2
119,AH!rchives #119,[ˈäl̪t̪er] ヒーロー,119.png,,Neo,Clay,Mono,All Caps,Hoodie,,,1
120,AH!rchives #120,[ˈäl̪t̪er] ヒーロー,120.png,,Rain,Redbone,Stare,Bored,Hero,Seiya,,1
121,AH!rchives #121,[ˈäl̪t̪er] ヒーロー,121.png,,Megah!,Redbone,The Slayer,All Caps,Rider,Bloodsport,,1
122,AH!rchives #122,[ˈäl̪t̪er] ヒーロー,122.png,,,First Press,,,,,,3
123,AH!rchives #123,[ˈäl̪t̪er] ヒーロー,123.png,,Blū,Redbone,The Slayer,All Caps,Shiro,King Of The Court,,1
124,AH!rchives #124,[ˈäl̪t̪er] ヒーロー,124.png,,Megah!,Maze,Comet,Stoik,Illest,,,2
125,AH!rchives #125,[ˈäl̪t̪er] ヒーロー,125.png,,Neo,Redbone,A3000,All Caps,Tee,Lauriers,,1
126,AH!rchives #126,[ˈäl̪t̪er] ヒーロー,126.png,,Neo,Nebu,The Slayer,Stoik,Illest,,,2
127,AH!rchives #127,[ˈäl̪t̪er] ヒーロー,127.png,,Orange,Geedorah,Hidden,All Caps,Borea,Golf,,2
128,AH!rchives #128,[ˈäl̪t̪er] ヒーロー,128.png,,Red,Golden,Stare,Quiet,Zanpah,,,1
129,AH!rchives #129,[ˈäl̪t̪er] ヒーロー,129.png,The Shining,Dark Blū,Clay,Watcher,Stoik,,,,1
130,AH!rchives #130,[ˈäl̪t̪er] ヒーロー,130.png,,Red,Seed,Ye,Stoik,Tee,Looper,,1
131,AH!rchives #131,[ˈäl̪t̪er] ヒーロー,131.png,,Orange,Clay,Ye,All Caps,Clouds,Halo,,1
132,AH!rchives #132,[ˈäl̪t̪er] ヒーロー,132.png,,Rain,Clipse,Hidden,All Caps,Capsule,Golf,,1
133,AH!rchives #133,[ˈäl̪t̪er] ヒーロー,133.png,,P!nk,Clay,Bloody,!AH,General,,,1
134,AH!rchives #134,[ˈäl̪t̪er] ヒーロー,134.png,,,White Label,,,,,,1
135,AH!rchives #135,[ˈäl̪t̪er] ヒーロー,135.png,,Red,Maze,The Answer,Stoik,,Lucid Dream,,1
136,AH!rchives #136,[ˈäl̪t̪er] ヒーロー,136.png,,Off White,Nahki,Watcher,!AH,Hero,Onsen,,1
137,AH!rchives #137,[ˈäl̪t̪er] ヒーロー,137.png,,Megah!,Seed,Mono,Golden T,Illest,,,2
138,AH!rchives #138,[ˈäl̪t̪er] ヒーロー,138.png,,Rain,Seed,Spirit,All Caps,General,Shift,,1
139,AH!rchives #139,[ˈäl̪t̪er] ヒーロー,139.png,,Pømme,Seed,Tribe,Bored,Muraka,Miya,,1
140,AH!rchives #140,[ˈäl̪t̪er] ヒーロー,140.png,Double Dragon,Rose,Maze,Hidden,All Caps,,Golf,,1
141,AH!rchives #141,[ˈäl̪t̪er] ヒーロー,141.png,Double Nahki,Pak,Redbone,Ye,Stoik,,Miya,,1
142,AH!rchives #142,[ˈäl̪t̪er] ヒーロー,142.png,,Cream,Maze,Comet,All Caps,Shimokita,,White Noise,1
143,AH!rchives #143,[ˈäl̪t̪er] ヒーロー,143.png,,Rain,All Star,Stare,Stoik,Illest,,,1
144,AH!rchives #144,[ˈäl̪t̪er] ヒーロー,144.png,,Cream,Ogs,Tribe,Stoik,Baller,Onsen,,1
145,AH!rchives #145,[ˈäl̪t̪er] ヒーロー,145.png,,Cream,Seed,Ye,Bye.,Swat,Nippon,,1
146,AH!rchives #146,[ˈäl̪t̪er] ヒーロー,146.png,,Pømme,Redbone,Watcher,Bored,Ronin,Lauriers,,1
147,AH!rchives #147,[ˈäl̪t̪er] ヒーロー,147.png,,Rose,Gumbo,The Slayer,Stoik,Hero,,Jurassik,1
148,AH!rchives #148,[ˈäl̪t̪er] ヒーロー,148.png,Double Dragon,Fayah!,Seed,Ye,Candy,,Nippon,,1
149,AH!rchives #149,[ˈäl̪t̪er] ヒーロー,149.png,,P!nk,Düne,The Slayer,Stoik,Ronin,Halo,,1
150,AH!rchives #150,[ˈäl̪t̪er] ヒーロー,150.png,,Meknah,Seed,Mono,Yamé,Shimokita,Looper,,1
151,AH!rchives #151,[ˈäl̪t̪er] ヒーロー,151.png,,Red,Seed,Watcher,!AH,Shiro,,,1
152,AH!rchives #152,[ˈäl̪t̪er] ヒーロー,152.png,Figaro,Megah!,Metal Fingers,Shocked,Stoik,,Onsen,,1
153,AH!rchives #153,[ˈäl̪t̪er] ヒーロー,153.png,The Shining,Pak,Gumbo,Mono,All Caps,,Golf,,2
154,AH!rchives #154,[ˈäl̪t̪er] ヒーロー,154.png,Double Nahki,Pømme,Golden,Comet,!AH,,,,1
155,AH!rchives #155,[ˈäl̪t̪er] ヒーロー,155.png,,Megah!,Seed,Stare,Candy,Ronin,Birds,,1
156,AH!rchives #156,[ˈäl̪t̪er] ヒーロー,156.png,Double Nahki,Doré,Golden,Watcher,All Caps,,Onsen,,1
157,AH!rchives #157,[ˈäl̪t̪er] ヒーロー,157.png,,,White Label,,,,,,1
158,AH!rchives #158,[ˈäl̪t̪er] ヒーロー,158.png,,Blū,Gumbo,Gaze,Stoik,Clouds,Shoe Deal,,1
159,AH!rchives #159,[ˈäl̪t̪er] ヒーロー,159.png,Figaro,Astro,Clay,Ye,Bored,,,!Chimp,2
160,AH!rchives #160,[ˈäl̪t̪er] ヒーロー,160.png,,P!nk,Redbone,The Answer,Quiet,,Nippon,,1
161,AH!rchives #161,[ˈäl̪t̪er] ヒーロー,161.png,,Blū,Seed,Stare,Kush,Shimokita,Lauriers,,2
162,AH!rchives #162,[ˈäl̪t̪er] ヒーロー,162.png,,Runner,Golden,Ye,All Caps,,,,1
163,AH!rchives #163,[ˈäl̪t̪er] ヒーロー,163.png,,Off White,Maze,The Slayer,!AH,Monk,,,1
164,AH!rchives #164,[ˈäl̪t̪er] ヒーロー,164.png,,Off White,Seed,Stare,Yamé,Shiro,,!Chimp,1
165,AH!rchives #165,[ˈäl̪t̪er] ヒーロー,165.png,,Pak,Clay,Surprised,!AH,Hero,,,1
166,AH!rchives #166,[ˈäl̪t̪er] ヒーロー,166.png,,Pømme,Nahki,Watcher,Vault,Hero,Mellow,,1
167,AH!rchives #167,[ˈäl̪t̪er] ヒーロー,167.png,,Rose,Nova,Prism,Stoik,Muraka,Mellow,,1
168,AH!rchives #168,[ˈäl̪t̪er] ヒーロー,168.png,,Cream,Maze,Shocked,All Caps,,,,1
169,AH!rchives #169,[ˈäl̪t̪er] ヒーロー,169.png,The Next Episode,P!nk,Oshen,Hidden,All Caps,,Golf,,1
170,AH!rchives #170,[ˈäl̪t̪er] ヒーロー,170.png,,Pømme,Metal Fingers,Watcher,Stoik,Avalanche,Mute,White Noise,1
171,AH!rchives #171,[ˈäl̪t̪er] ヒーロー,171.png,,Cream,Liquid,Ye,!AH,Capsule,,,1
172,AH!rchives #172,[ˈäl̪t̪er] ヒーロー,172.png,,Fayah!,Nahki,Ye,!AH,Muraka,Seiya,,2
173,AH!rchives #173,[ˈäl̪t̪er] ヒーロー,173.png,,Megah!,Metal Fingers,Watcher,Yamé,Clouds,Lauriers,,1
174,AH!rchives #174,[ˈäl̪t̪er] ヒーロー,174.png,Figaro,Rain,Düne,Slash,All Caps,,,Meowzart,1
175,AH!rchives #175,[ˈäl̪t̪er] ヒーロー,175.png,The Next Episode,Doré,Nebu,Hidden,Yamé,,Golf,,2
176,AH!rchives #176,[ˈäl̪t̪er] ヒーロー,176.png,,Astro,Düne,Slash,Stoik,!Champloo,Miya,!Sensei,1
177,AH!rchives #177,[ˈäl̪t̪er] ヒーロー,177.png,,Red,Clay,Tribe,Stoik,,,,1
178,AH!rchives #178,[ˈäl̪t̪er] ヒーロー,178.png,,Megah!,Gumbo,Watcher,!AH,Shimokita,Faces,,1
179,AH!rchives #179,[ˈäl̪t̪er] ヒーロー,179.png,,Off White,Düne,Bloody,Yamé,Hoodie,Beanie,,1
180,AH!rchives #180,[ˈäl̪t̪er] ヒーロー,180.png,,Red,Ogs,Poska,Stoik,,,Meowzart,1
181,AH!rchives #181,[ˈäl̪t̪er] ヒーロー,181.png,,Neo,All Star,The Slayer,Kookies,Fury,Seiya,,1
182,AH!rchives #182,[ˈäl̪t̪er] ヒーロー,182.png,,Dark Blū,All Star,Tribe,Stoik,Shimokita,Onsen,,1
183,AH!rchives #183,[ˈäl̪t̪er] ヒーロー,183.png,,Black,Ogs,Stare,Stoik,Avalanche,Mush,,1
184,AH!rchives #184,[ˈäl̪t̪er] ヒーロー,184.png,,Hyero,Gumbo,Ye,All Caps,Hero,Pega,,1
185,AH!rchives #185,[ˈäl̪t̪er] ヒーロー,185.png,,Red,Golden,Watcher,All Caps,Swat,Bloodsport,,1
186,AH!rchives #186,[ˈäl̪t̪er] ヒーロー,186.png,,Rose,Nova,Ye,All Caps,Fury,,,1
187,AH!rchives #187,[ˈäl̪t̪er] ヒーロー,187.png,The Next Episode,Doré,Clay,A3000,Stoik,,,,1
188,AH!rchives #188,[ˈäl̪t̪er] ヒーロー,188.png,,Rain,Golden,Tribe,All Caps,!Champloo,,Supervillain,2
189,AH!rchives #189,[ˈäl̪t̪er] ヒーロー,189.png,,,First Press,,,,,,3
190,AH!rchives #190,[ˈäl̪t̪er] ヒーロー,190.png,,Pak,Odeya,Mono,!AH,Bō Staff,Faces,,1
191,AH!rchives #191,[ˈäl̪t̪er] ヒーロー,191.png,,Neo,Düne,Prism,Stoik,Clouds,Lauriers,,1
192,AH!rchives #192,[ˈäl̪t̪er] ヒーロー,192.png,,Pømme,Golden,The Slayer,Bye.,,Golf,,1
193,AH!rchives #193,[ˈäl̪t̪er] ヒーロー,193.png,,P!nk,Clay,Ye,Stoik,Shiro,,,1
194,AH!rchives #194,[ˈäl̪t̪er] ヒーロー,194.png,The Next Episode,Dark Blū,Golden,The Slayer,Stoik,,Extended Version,,1
195,AH!rchives #195,[ˈäl̪t̪er] ヒーロー,195.png,,Blū,Seed,Tribe,All Caps,,,,2
196,AH!rchives #196,[ˈäl̪t̪er] ヒーロー,196.png,,Neo,Düne,Quartet,Stoik,Okinawa,Beanie,,1
197,AH!rchives #197,[ˈäl̪t̪er] ヒーロー,197.png,,Rain,All Star,The Slayer,!AH,Swat,,!Sensei,1
198,AH!rchives #198,[ˈäl̪t̪er] ヒーロー,198.png,,Orange,Redbone,Ye,Stoik,Tee,,,1
199,AH!rchives #199,[ˈäl̪t̪er] ヒーロー,199.png,,Cream,Maze,Stare,Quiet,Baller,Faces,,1
200,AH!rchives #200,[ˈäl̪t̪er] ヒーロー,200.png,,Red,Nova,The Slayer,Stoik,Hoodie,Nippon,,1
201,AH!rchives #201,[ˈäl̪t̪er] ヒーロー,201.png,,Sanctuary,Düne,Tribe,Stoik,Shimokita,Bloodsport,,1
202,AH!rchives #202,[ˈäl̪t̪er] ヒーロー,202.png,,Runner,Bahbū,Gaze,All Caps,General,,,2
203,AH!rchives #203,[ˈäl̪t̪er] ヒーロー,203.png,,Blū,Nova,Hidden,Vault,Hero,Golf,,1
204,AH!rchives #204,[ˈäl̪t̪er] ヒーロー,204.png,Barz,Neo,Clay,Surprised,Stoik,,Mellow,,1
205,AH!rchives #205,[ˈäl̪t̪er] ヒーロー,205.png,,Neo,Seed,Duo,Stoik,Rider,Bulls,,2
206,AH!rchives #206,[ˈäl̪t̪er] ヒーロー,206.png,The Shining,Off White,All Star,Ye,Vomitspit,,Onsen,,1
207,AH!rchives #207,[ˈäl̪t̪er] ヒーロー,207.png,,Blū,Liquid,Comet,All Caps,,,,1
208,AH!rchives #208,[ˈäl̪t̪er] ヒーロー,208.png,,,White Label,,,,,,1
209,AH!rchives #209,[ˈäl̪t̪er] ヒーロー,209.png,,Meknah,All Star,Stare,Quiet,,Golf,,1
210,AH!rchives #210,[ˈäl̪t̪er] ヒーロー,210.png,,Megah!,Seed,Watcher,Vault,General,Bloodsport,,1
211,AH!rchives #211,[ˈäl̪t̪er] ヒーロー,211.png,,Pak,Redbone,The Slayer,Stoik,Monk,Mellow,,1
212,AH!rchives #212,[ˈäl̪t̪er] ヒーロー,212.png,,Off White,Clay,Mono,Stoik,General,Extended Version,,1
213,AH!rchives #213,[ˈäl̪t̪er] ヒーロー,213.png,Figaro,Megah!,Metal Fingers,Stare,All Caps,,Lauriers,,1
214,AH!rchives #214,[ˈäl̪t̪er] ヒーロー,214.png,,Dark Blū,Clay,Ye,!AH,Capsule,Lauriers,,1
215,AH!rchives #215,[ˈäl̪t̪er] ヒーロー,215.png,,Astro,Düne,Oracle,All Caps,,,Meowzart,1
216,AH!rchives #216,[ˈäl̪t̪er] ヒーロー,216.png,,Fayah!,Gumbo,Surprised,Stoik,Tee,Extended Version,,1
217,AH!rchives #217,[ˈäl̪t̪er] ヒーロー,217.png,,Doré,Seed,Hidden,Candy,Shiro,Golf,,2
218,AH!rchives #218,[ˈäl̪t̪er] ヒーロー,218.png,,Meknah,Ogs,Ye,All Caps,,,,1
219,AH!rchives #219,[ˈäl̪t̪er] ヒーロー,219.png,,Off White,Düne,The Slayer,Stoik,Shimokita,Seiya,,1
220,AH!rchives #220,[ˈäl̪t̪er] ヒーロー,220.png,,Red,Metal Fingers,Watcher,Stoik,Hero,Onsen,,1
221,AH!rchives #221,[ˈäl̪t̪er] ヒーロー,221.png,The Shining,Pømme,Golden,Hidden,!AH,,Golf,,1
222,AH!rchives #222,[ˈäl̪t̪er] ヒーロー,222.png,,Neo,Seed,Stare,Bye.,!Champloo,Lauriers,,1
223,AH!rchives #223,[ˈäl̪t̪er] ヒーロー,223.png,Double Nahki,Off White,All Star,Watcher,All Caps,,,,1
224,AH!rchives #224,[ˈäl̪t̪er] ヒーロー,224.png,,Astro,Clipse,Gaze,Stoik,Shiro,,!Sensei,1
225,AH!rchives #225,[ˈäl̪t̪er] ヒーロー,225.png,Double Nahki,Rain,Odeya,Mono,Bored,,,,1
226,AH!rchives #226,[ˈäl̪t̪er] ヒーロー,226.png,,Doré,Seed,Bloody,Yamé,Capsule,,!Chimp,1
227,AH!rchives #227,[ˈäl̪t̪er] ヒーロー,227.png,,Neo,Metal Fingers,Mono,All Caps,Baller,,,1
228,AH!rchives #228,[ˈäl̪t̪er] ヒーロー,228.png,,Dream,Gumbo,Ye,Stoik,Muraka,,Meowzart,1
229,AH!rchives #229,[ˈäl̪t̪er] ヒーロー,229.png,,Pømme,Seed,Shocked,Stoik,Hero,Crown,,1
230,AH!rchives #230,[ˈäl̪t̪er] ヒーロー,230.png,,Dark Blū,Gumbo,Poska,All Caps,General,,,1
231,AH!rchives #231,[ˈäl̪t̪er] ヒーロー,231.png,,Orange,Seed,Gaze,Curls,Okinawa,,,1
232,AH!rchives #232,[ˈäl̪t̪er] ヒーロー,232.png,,Sanctuary,Clay,Flowers,,Garden,Dropout,,1
233,AH!rchives #233,[ˈäl̪t̪er] ヒーロー,233.png,,Neo,Seed,Bloody,Stoik,Izu,Beanie,,1
234,AH!rchives #234,[ˈäl̪t̪er] ヒーロー,234.png,,Pømme,Seed,Watcher,All Caps,Monk,Lucid Dream,,1
235,AH!rchives #235,[ˈäl̪t̪er] ヒーロー,235.png,The Shining,Pak,Ogs,Watcher,!AH,,,,1
236,AH!rchives #236,[ˈäl̪t̪er] ヒーロー,236.png,,Blū,Seed,The Slayer,Stoik,Fury,Crown,,1
237,AH!rchives #237,[ˈäl̪t̪er] ヒーロー,237.png,Figaro,Hyero,Golden,Tribe,Stoik,,,,1
238,AH!rchives #238,[ˈäl̪t̪er] ヒーロー,238.png,,Fayah!,Seed,Oracle,Curls,Bō Staff,Mute,,1
239,AH!rchives #239,[ˈäl̪t̪er] ヒーロー,239.png,,Cream,Nahki,Prism,All Caps,Zanpah,Seiya,,2
240,AH!rchives #240,[ˈäl̪t̪er] ヒーロー,240.png,,Neo,Nahki,Stare,Quiet,Bō Staff,Mellow,,1
241,AH!rchives #241,[ˈäl̪t̪er] ヒーロー,241.png,,Megah!,Redbone,The Slayer,Golden T,Fury,Pega,,1
242,AH!rchives #242,[ˈäl̪t̪er] ヒーロー,242.png,,Red,Ogs,Watcher,Stoik,!Champloo,Onsen,,1
243,AH!rchives #243,[ˈäl̪t̪er] ヒーロー,243.png,,Blū,Clay,Stare,Stoik,,Golf,,1
244,AH!rchives #244,[ˈäl̪t̪er] ヒーロー,244.png,,Red,Metal Fingers,Comet,Stoik,Clouds,Onsen,,1
245,AH!rchives #245,[ˈäl̪t̪er] ヒーロー,245.png,Double Nahki,Pak,Geedorah,The Slayer,!AH,,Miya,,1
246,AH!rchives #246,[ˈäl̪t̪er] ヒーロー,246.png,,Rain,Seed,Poska,Bored,Bō Staff,,,1
247,AH!rchives #247,[ˈäl̪t̪er] ヒーロー,247.png,,Rose,Nova,Prism,All Caps,Baller,Beanie,,2
248,AH!rchives #248,[ˈäl̪t̪er] ヒーロー,248.png,,Off White,Nahki,Ye,!AH,7th Chamber,Pega,,1
249,AH!rchives #249,[ˈäl̪t̪er] ヒーロー,249.png,,Off White,Clipse,Prism,Stoik,!Champloo,Extended Version,,1
250,AH!rchives #250,[ˈäl̪t̪er] ヒーロー,250.png,,Doré,All Star,Ye,Stoik,Hoodie,Mellow,,1
251,AH!rchives #251,[ˈäl̪t̪er] ヒーロー,251.png,,Dark Blū,Düne,Quartet,All Caps,Avalanche,Lauriers,,1
252,AH!rchives #252,[ˈäl̪t̪er] ヒーロー,252.png,The Shining,Rain,Maze,Bloody,Bored,,Mellow,,1
253,AH!rchives #253,[ˈäl̪t̪er] ヒーロー,253.png,,Runner,Geedorah,Tribe,All Caps,General,Miya,,1
254,AH!rchives #254,[ˈäl̪t̪er] ヒーロー,254.png,,Cream,Seed,Prism,Candy,General,Pega,,1
255,AH!rchives #255,[ˈäl̪t̪er] ヒーロー,255.png,Figaro,Orange,Seed,The Slayer,All Caps,,Birds,!Sensei,2
256,AH!rchives #256,[ˈäl̪t̪er] ヒーロー,256.png,,Pømme,Metal Fingers,Duo,Stoik,Muraka,Nippon,,1
257,AH!rchives #257,[ˈäl̪t̪er] ヒーロー,257.png,The Next Episode,Pak,Maze,Watcher,Yamé,,Seiya,,1
258,AH!rchives #258,[ˈäl̪t̪er] ヒーロー,258.png,,Meknah,Maze,Ye,Candy,Baller,Beanie,,1
259,AH!rchives #259,[ˈäl̪t̪er] ヒーロー,259.png,Double Dragon,Sanctuary,Golden,A3000,Stoik,,,Meowzart,1
260,AH!rchives #260,[ˈäl̪t̪er] ヒーロー,260.png,The Shining,Cream,Geedorah,Tribe,All Caps,,,,1
261,AH!rchives #261,[ˈäl̪t̪er] ヒーロー,261.png,,Pak,Odeya,Mono,All Caps,Zanpah,,!Sensei,2
262,AH!rchives #262,[ˈäl̪t̪er] ヒーロー,262.png,,Orange,Seed,Rage,All Caps,Zanpah,Seiya,,2
263,AH!rchives #263,[ˈäl̪t̪er] ヒーロー,263.png,,Doré,Gumbo,Slash,Stoik,Borea,Lucid Dream,,1
264,AH!rchives #264,[ˈäl̪t̪er] ヒーロー,264.png,,Dark Blū,Metal Fingers,Duo,Stoik,Shimokita,Extended Version,,1
265,AH!rchives #265,[ˈäl̪t̪er] ヒーロー,265.png,,Sanctuary,Seed,Spirit,Bored,General,Onsen,,1
266,AH!rchives #266,[ˈäl̪t̪er] ヒーロー,266.png,,Pømme,Maze,The Slayer,All Caps,Hoodie,Halo,,1
267,AH!rchives #267,[ˈäl̪t̪er] ヒーロー,267.png,,,White Label,,,,,,1
268,AH!rchives #268,[ˈäl̪t̪er] ヒーロー,268.png,Barz,Off White,Seed,Ye,Bored,,!!,,1
269,AH!rchives #269,[ˈäl̪t̪er] ヒーロー,269.png,,Neo,Geedorah,The Slayer,Bored,Fury,Onsen,,1
270,AH!rchives #270,[ˈäl̪t̪er] ヒーロー,270.png,,Blū,All Star,Mono,!AH,Illest,,,2
271,AH!rchives #271,[ˈäl̪t̪er] ヒーロー,271.png,,Doré,Odeya,The Slayer,!AH,Muraka,Crown,,1
272,AH!rchives #272,[ˈäl̪t̪er] ヒーロー,272.png,,Pak,Odeya,The Slayer,!AH,Hero,Lauriers,,1
273,AH!rchives #273,[ˈäl̪t̪er] ヒーロー,273.png,,Doré,Seed,Gaze,Stoik,Capsule,,,1
274,AH!rchives #274,[ˈäl̪t̪er] ヒーロー,274.png,,Blū,Seed,Comet,!AH,!Champloo,Shoe Deal,,1
275,AH!rchives #275,[ˈäl̪t̪er] ヒーロー,275.png,,Hyero,Maze,Slash,Bored,Hero,,,1
276,AH!rchives #276,[ˈäl̪t̪er] ヒーロー,276.png,,,Ogs,Ye,All Caps,Shimokita,,!Sensei,1
277,AH!rchives #277,[ˈäl̪t̪er] ヒーロー,277.png,The Next Episode,Red,Düne,Surprised,All Caps,,,,2
278,AH!rchives #278,[ˈäl̪t̪er] ヒーロー,278.png,The Shining,Pak,All Star,Stare,!AH,,Mellow,,1
279,AH!rchives #279,[ˈäl̪t̪er] ヒーロー,279.png,,Meknah,Gumbo,The Slayer,All Caps,Illest,Mellow,,2
280,AH!rchives #280,[ˈäl̪t̪er] ヒーロー,280.png,,Rain,Nahki,Stare,Bored,Hoodie,Halo,,1
281,AH!rchives #281,[ˈäl̪t̪er] ヒーロー,281.png,,Red,Seed,Shocked,Bored,Hero,Onsen,,1
282,AH!rchives #282,[ˈäl̪t̪er] ヒーロー,282.png,,Red,Düne,Oracle,Stoik,Hero,Pega,,1
283,AH!rchives #283,[ˈäl̪t̪er] ヒーロー,283.png,,P!nk,Geedorah,Bloody,Stoik,,,!Chimp,1
284,AH!rchives #284,[ˈäl̪t̪er] ヒーロー,284.png,,Pak,Nova,The Slayer,!AH,Ronin,Seiya,,1
285,AH!rchives #285,[ˈäl̪t̪er] ヒーロー,285.png,,Orange,Clay,,,Hoodie,Kitsū,,1
286,AH!rchives #286,[ˈäl̪t̪er] ヒーロー,286.png,,Doré,Odeya,The Slayer,Curls,!Champloo,King Of The Court,,1
287,AH!rchives #287,[ˈäl̪t̪er] ヒーロー,287.png,,Astro,Seed,Ye,,,,,2
288,AH!rchives #288,[ˈäl̪t̪er] ヒーロー,288.png,,Megah!,Liquid,Sentinelle,Stoik,Tee,,White Noise,1
289,AH!rchives #289,[ˈäl̪t̪er] ヒーロー,289.png,,Runner,Seed,Bloody,All Caps,Bō Staff,Crown,,1
290,AH!rchives #290,[ˈäl̪t̪er] ヒーロー,290.png,Double Dragon,Doré,Ogs,Ye,Stoik,,Miya,,1
291,AH!rchives #291,[ˈäl̪t̪er] ヒーロー,291.png,,Off White,Maze,Ye,Stoik,,Seiya,,1
292,AH!rchives #292,[ˈäl̪t̪er] ヒーロー,292.png,,Rain,Geedorah,Mono,All Caps,Muraka,Golf,,2
293,AH!rchives #293,[ˈäl̪t̪er] ヒーロー,293.png,Barz,Megah!,Seed,Shocked,All Caps,,Crown,,1
294,AH!rchives #294,[ˈäl̪t̪er] ヒーロー,294.png,,Dark Blū,Maze,Oracle,Stoik,General,!!,,1
295,AH!rchives #295,[ˈäl̪t̪er] ヒーロー,295.png,,Fayah!,Nahki,The Slayer,Kookies,Hero,Mute,,1
296,AH!rchives #296,[ˈäl̪t̪er] ヒーロー,296.png,,Pømme,Seed,Spirit,All Caps,Ronin,Halo,,1
297,AH!rchives #297,[ˈäl̪t̪er] ヒーロー,297.png,The Shining,Blū,Maze,Slash,All Caps,,,,1
298,AH!rchives #298,[ˈäl̪t̪er] ヒーロー,298.png,,Orange,Düne,Poska,Bored,Shiro,,Ghost Brothers,1
299,AH!rchives #299,[ˈäl̪t̪er] ヒーロー,299.png,,Red,Clipse,Stare,Stoik,Shiro,Beanie,,1
300,AH!rchives #300,[ˈäl̪t̪er] ヒーロー,300.png,,Off White,Metal Fingers,Poska,Stoik,Shiro,Miya,,1
301,AH!rchives #301,[ˈäl̪t̪er] ヒーロー,301.png,,Doré,Gumbo,The Slayer,!AH,General,Onsen,,1
302,AH!rchives #302,[ˈäl̪t̪er] ヒーロー,302.png,,Doré,Geedorah,Mono,Quiet,,Faces,,1
303,AH!rchives #303,[ˈäl̪t̪er] ヒーロー,303.png,,Doré,Clipse,Poska,All Caps,Muraka,,White Noise,1
304,AH!rchives #304,[ˈäl̪t̪er] ヒーロー,304.png,,Cream,Maze,Bloody,Stoik,,Onsen,,1
305,AH!rchives #305,[ˈäl̪t̪er] ヒーロー,305.png,,Off White,Golden,Bloody,All Caps,General,Lauriers,Supervillain,1
306,AH!rchives #306,[ˈäl̪t̪er] ヒーロー,306.png,,P!nk,Redbone,Tribe,All Caps,Hero,Seiya,,1
307,AH!rchives #307,[ˈäl̪t̪er] ヒーロー,307.png,,,First Press,,,,,,3
308,AH!rchives #308,[ˈäl̪t̪er] ヒーロー,308.png,,Orange,Seed,The Answer,Golden T,!Champloo,King Of The Court,,1
309,AH!rchives #309,[ˈäl̪t̪er] ヒーロー,309.png,,Pak,Clay,Watcher,Golden T,Hero,Seiya,,1
310,AH!rchives #310,[ˈäl̪t̪er] ヒーロー,310.png,,Neo,Liquid,,Stoik,Shiro,,,2
311,AH!rchives #311,[ˈäl̪t̪er] ヒーロー,311.png,,Blū,Seed,Surprised,Stoik,Hero,Shift,,1
312,AH!rchives #312,[ˈäl̪t̪er] ヒーロー,312.png,Figaro,Rose,Clay,Hidden,Stoik,,Golf,,1
313,AH!rchives #313,[ˈäl̪t̪er] ヒーロー,313.png,,Pak,Seed,Comet,Bye.,!Champloo,Seiya,,2
314,AH!rchives #314,[ˈäl̪t̪er] ヒーロー,314.png,,Red,Geedorah,Ye,Stoik,,,White Noise,1
315,AH!rchives #315,[ˈäl̪t̪er] ヒーロー,315.png,,Doré,Seed,Tribe,All Caps,Swat,,Supervillain,1
316,AH!rchives #316,[ˈäl̪t̪er] ヒーロー,316.png,,Red,Golden,Slash,Stoik,Rider,,,1
317,AH!rchives #317,[ˈäl̪t̪er] ヒーロー,317.png,,Cream,Clay,Ye,All Caps,,,White Noise,1
318,AH!rchives #318,[ˈäl̪t̪er] ヒーロー,318.png,,Neo,Maze,Ye,All Caps,Shiro,,,1
319,AH!rchives #319,[ˈäl̪t̪er] ヒーロー,319.png,Figaro,Rose,Liquid,Stare,Stoik,,,,1
320,AH!rchives #320,[ˈäl̪t̪er] ヒーロー,320.png,,Off White,Seed,Bloody,Candy,Hero,Pega,,1
321,AH!rchives #321,[ˈäl̪t̪er] ヒーロー,321.png,The Shining,Doré,Golden,Bloody,!AH,,Seiya,,1
322,AH!rchives #322,[ˈäl̪t̪er] ヒーロー,322.png,,Sanctuary,Clay,The Slayer,All Caps,Shiro,,,1
323,AH!rchives #323,[ˈäl̪t̪er] ヒーロー,323.png,,Cream,Seed,Shocked,Stoik,Shiro,Onsen,,1
324,AH!rchives #324,[ˈäl̪t̪er] ヒーロー,324.png,,Cream,Nahki,The Slayer,!AH,Swat,Seiya,,1
325,AH!rchives #325,[ˈäl̪t̪er] ヒーロー,325.png,,P!nk,Clay,Shocked,Stoik,,,Meowzart,1
326,AH!rchives #326,[ˈäl̪t̪er] ヒーロー,326.png,,P!nk,Seed,Poska,Golden T,Shiro,Onsen,,1
327,AH!rchives #327,[ˈäl̪t̪er] ヒーロー,327.png,,Rain,Odeya,Mono,Bored,7th Chamber,,!Sensei,1
328,AH!rchives #328,[ˈäl̪t̪er] ヒーロー,328.png,,P!nk,Seed,Stare,Curls,Swat,Onsen,,1
329,AH!rchives #329,[ˈäl̪t̪er] ヒーロー,329.png,,Cream,Ogs,Hidden,Bored,Monk,Golf,,2
330,AH!rchives #330,[ˈäl̪t̪er] ヒーロー,330.png,,Megah!,Nova,Tribe,All Caps,Hero,Onsen,Supervillain,2
331,AH!rchives #331,[ˈäl̪t̪er] ヒーロー,331.png,,Red,Seed,Tribe,Kush,Hero,Beanie,,1
332,AH!rchives #332,[ˈäl̪t̪er] ヒーロー,332.png,,Dark Blū,Geedorah,Ye,Stoik,Baller,Lauriers,,1
333,AH!rchives #333,[ˈäl̪t̪er] ヒーロー,333.png,,Blū,Maze,Bloody,Stoik,,Lauriers,,1
334,AH!rchives #334,[ˈäl̪t̪er] ヒーロー,334.png,,Cream,Düne,Mono,Yamé,Fury,,Meowzart,1
335,AH!rchives #335,[ˈäl̪t̪er] ヒーロー,335.png,The Next Episode,Orange,Geedorah,Prism,Stoik,,,,1
336,AH!rchives #336,[ˈäl̪t̪er] ヒーロー,336.png,,Rain,Seed,A3000,Stoik,Hoodie,Faces,,1
337,AH!rchives #337,[ˈäl̪t̪er] ヒーロー,337.png,,Red,Redbone,Poska,Stoik,Hoodie,Lauriers,,1
338,AH!rchives #338,[ˈäl̪t̪er] ヒーロー,338.png,,Pømme,Seed,A3000,Yamé,!Champloo,Lauriers,,1
339,AH!rchives #339,[ˈäl̪t̪er] ヒーロー,339.png,,Hyero,Clipse,Slash,Stoik,7th Chamber,Mellow,,1
340,AH!rchives #340,[ˈäl̪t̪er] ヒーロー,340.png,,Rain,Ogs,Stare,Quiet,Zanpah,Seiya,,2
341,AH!rchives #341,[ˈäl̪t̪er] ヒーロー,341.png,,Pømme,Seed,Tribe,Bored,Capsule,Miya,,1
342,AH!rchives #342,[ˈäl̪t̪er] ヒーロー,342.png,,Sanctuary,Seed,Watcher,All Caps,Hero,Seiya,,1
343,AH!rchives #343,[ˈäl̪t̪er] ヒーロー,343.png,,Dark Blū,All Star,The Slayer,Yamé,Swat,Crown,,1
344,AH!rchives #344,[ˈäl̪t̪er] ヒーロー,344.png,,Cream,Redbone,Slash,Stoik,Bō Staff,Mush,,1
345,AH!rchives #345,[ˈäl̪t̪er] ヒーロー,345.png,,Neo,Düne,Mono,All Caps,Capsule,Benny,,1
346,AH!rchives #346,[ˈäl̪t̪er] ヒーロー,346.png,,Sanctuary,Seed,Stare,Stoik,Capsule,Miya,,1
347,AH!rchives #347,[ˈäl̪t̪er] ヒーロー,347.png,,Cream,Düne,Bloody,All Caps,Swat,Mush,,1
348,AH!rchives #348,[ˈäl̪t̪er] ヒーロー,348.png,,Doré,Nahki,Mono,Quiet,,,!Sensei,1
349,AH!rchives #349,[ˈäl̪t̪er] ヒーロー,349.png,Double Dragon,P!nk,Redbone,Watcher,Stoik,,Onsen,,1
350,AH!rchives #350,[ˈäl̪t̪er] ヒーロー,350.png,,Astro,Seed,Hidden,Golden T,Okinawa,Golf,,1
351,AH!rchives #351,[ˈäl̪t̪er] ヒーロー,351.png,,Megah!,Nahki,Tribe,Stoik,Swat,,,1
352,AH!rchives #352,[ˈäl̪t̪er] ヒーロー,352.png,,Pak,Golden,Slash,Stoik,Baller,Onsen,,1
353,AH!rchives #353,[ˈäl̪t̪er] ヒーロー,353.png,,Doré,Clipse,Mono,Stoik,!Champloo,King Of The Court,,1
354,AH!rchives #354,[ˈäl̪t̪er] ヒーロー,354.png,,Pak,Seed,Ye,!AH,Ronin,Beanie,,1
355,AH!rchives #355,[ˈäl̪t̪er] ヒーロー,355.png,,Pømme,Seed,Poska,Bored,,Birds,,1
356,AH!rchives #356,[ˈäl̪t̪er] ヒーロー,356.png,Figaro,Orange,Ogs,Oracle,Stoik,,King Of The Court,,1
357,AH!rchives #357,[ˈäl̪t̪er] ヒーロー,357.png,,Runner,Maze,Ye,Stoik,Borea,Halo,,1
358,AH!rchives #358,[ˈäl̪t̪er] ヒーロー,358.png,,Rose,Clay,Stare,Bored,Fury,Shift,,1
359,AH!rchives #359,[ˈäl̪t̪er] ヒーロー,359.png,,Rain,Maze,Bloody,Stoik,Muraka,Mush,,1
360,AH!rchives #360,[ˈäl̪t̪er] ヒーロー,360.png,Double Dragon,Red,Redbone,Slash,All Caps,,Halo,,1
361,AH!rchives #361,[ˈäl̪t̪er] ヒーロー,361.png,,Rose,Clipse,The Answer,All Caps,General,Bulls,,1
362,AH!rchives #362,[ˈäl̪t̪er] ヒーロー,362.png,,,First Press,,,,,,3
363,AH!rchives #363,[ˈäl̪t̪er] ヒーロー,363.png,Barz,Doré,All Star,Surprised,Stoik,,,,1
364,AH!rchives #364,[ˈäl̪t̪er] ヒーロー,364.png,,Sanctuary,Seed,Hidden,Stoik,Ronin,Golf,,1
365,AH!rchives #365,[ˈäl̪t̪er] ヒーロー,365.png,,Pømme,Clay,Shocked,Bored,Clouds,Lauriers,,1
366,AH!rchives #366,[ˈäl̪t̪er] ヒーロー,366.png,Double Nahki,Rain,Maze,Watcher,Stoik,,,,1
367,AH!rchives #367,[ˈäl̪t̪er] ヒーロー,367.png,,Off White,Redbone,The Slayer,Kookies,Fury,Mute,,1
368,AH!rchives #368,[ˈäl̪t̪er] ヒーロー,368.png,,Rose,Seed,Tribe,Curls,Swat,King Of The Court,,1
369,AH!rchives #369,[ˈäl̪t̪er] ヒーロー,369.png,,,White Label,,,,,,1
370,AH!rchives #370,[ˈäl̪t̪er] ヒーロー,370.png,,Cream,Seed,The Slayer,Stoik,Hero,Seiya,,1
371,AH!rchives #371,[ˈäl̪t̪er] ヒーロー,371.png,,Dark Blū,Seed,The Slayer,Stoik,!Champloo,,,1
372,AH!rchives #372,[ˈäl̪t̪er] ヒーロー,372.png,,Pak,Clay,Mono,!AH,Tee,Crown,,1
373,AH!rchives #373,[ˈäl̪t̪er] ヒーロー,373.png,,Dream,Seed,Ye,Yamé,Bō Staff,Mush,,1
374,AH!rchives #374,[ˈäl̪t̪er] ヒーロー,374.png,,Neo,Seed,Gaze,Quiet,Hoodie,Lauriers,,1
375,AH!rchives #375,[ˈäl̪t̪er] ヒーロー,375.png,,Off White,Seed,Stare,!AH,General,Birds,,1
376,AH!rchives #376,[ˈäl̪t̪er] ヒーロー,376.png,,Pømme,Redbone,Stare,All Caps,Clouds,,,1
377,AH!rchives #377,[ˈäl̪t̪er] ヒーロー,377.png,,Meknah,All Star,Gaze,All Caps,Hoodie,Mellow,,1
378,AH!rchives #378,[ˈäl̪t̪er] ヒーロー,378.png,,Cream,Maze,Oracle,All Caps,,,!Chimp,1
379,AH!rchives #379,[ˈäl̪t̪er] ヒーロー,379.png,,Runner,Clay,Mono,All Caps,Illest,,Supervillain,1
380,AH!rchives #380,[ˈäl̪t̪er] ヒーロー,380.png,,Blū,All Star,Gaze,All Caps,Zanpah,Halo,,1
381,AH!rchives #381,[ˈäl̪t̪er] ヒーロー,381.png,,Dream,Metal Fingers,Ye,Stoik,Hoodie,Mellow,,1
382,AH!rchives #382,[ˈäl̪t̪er] ヒーロー,382.png,,Neo,Seed,Watcher,Kush,Shiro,Mellow,,1
383,AH!rchives #383,[ˈäl̪t̪er] ヒーロー,383.png,,Cream,Seed,Comet,Yamé,Swat,Mute,,1
384,AH!rchives #384,[ˈäl̪t̪er] ヒーロー,384.png,Double Nahki,Off White,Geedorah,The Slayer,!AH,,,,1
385,AH!rchives #385,[ˈäl̪t̪er] ヒーロー,385.png,,Rain,Liquid,Surprised,Stoik,7th Chamber,Extended Version,,1
386,AH!rchives #386,[ˈäl̪t̪er] ヒーロー,386.png,,Rose,Düne,Shocked,All Caps,,,,1
387,AH!rchives #387,[ˈäl̪t̪er] ヒーロー,387.png,,Meknah,Nova,Gaze,Yamé,Shiro,,,1
388,AH!rchives #388,[ˈäl̪t̪er] ヒーロー,388.png,The Shining,Red,Golden,Watcher,All Caps,,Bobby,,2
389,AH!rchives #389,[ˈäl̪t̪er] ヒーロー,389.png,,Orange,Nebu,Gaze,All Caps,,,White Noise,1
390,AH!rchives #390,[ˈäl̪t̪er] ヒーロー,390.png,,Rose,Bahbū,Surprised,All Caps,Hero,Pega,,1
391,AH!rchives #391,[ˈäl̪t̪er] ヒーロー,391.png,Double Nahki,Blū,Redbone,Ye,Bored,,,,1
392,AH!rchives #392,[ˈäl̪t̪er] ヒーロー,392.png,,Neo,Golden,Watcher,All Caps,General,Mellow,,1
393,AH!rchives #393,[ˈäl̪t̪er] ヒーロー,393.png,Barz,Megah!,Nahki,The Slayer,Stoik,,Shift,,1
394,AH!rchives #394,[ˈäl̪t̪er] ヒーロー,394.png,,Doré,Nebu,Bloody,All Caps,Ronin,Seiya,,1
395,AH!rchives #395,[ˈäl̪t̪er] ヒーロー,395.png,Barz,Cream,Düne,Spirit,Stoik,,,,1
396,AH!rchives #396,[ˈäl̪t̪er] ヒーロー,396.png,,Doré,Clay,Ye,Stoik,Monk,Miya,,1
397,AH!rchives #397,[ˈäl̪t̪er] ヒーロー,397.png,,Rose,Gumbo,Surprised,Stoik,Rider,,,1
398,AH!rchives #398,[ˈäl̪t̪er] ヒーロー,398.png,,Fayah!,Clay,Prism,All Caps,Rider,Onsen,,1
399,AH!rchives #399,[ˈäl̪t̪er] ヒーロー,399.png,,Neo,Nova,Poska,All Caps,Bō Staff,Shift,,1
400,AH!rchives #400,[ˈäl̪t̪er] ヒーロー,400.png,Double Dragon,Doré,Liquid,The Slayer,!AH,,Halo,,1
401,AH!rchives #401,[ˈäl̪t̪er] ヒーロー,401.png,,Off White,Clay,Stare,Stoik,General,,,1
402,AH!rchives #402,[ˈäl̪t̪er] ヒーロー,402.png,The Shining,Doré,Golden,The Slayer,Candy,,Mellow,,1
403,AH!rchives #403,[ˈäl̪t̪er] ヒーロー,403.png,,Fayah!,Geedorah,,,,Kitsū,,2
404,AH!rchives #404,[ˈäl̪t̪er] ヒーロー,404.png,,Astro,Clay,Mono,Stoik,Clouds,Birds,,1
405,AH!rchives #405,[ˈäl̪t̪er] ヒーロー,405.png,,Red,Redbone,Mono,All Caps,Hero,Lauriers,,2
406,AH!rchives #406,[ˈäl̪t̪er] ヒーロー,406.png,The Next Episode,Cream,Clay,Hidden,All Caps,,Golf,,1
407,AH!rchives #407,[ˈäl̪t̪er] ヒーロー,407.png,,Pømme,Nova,Watcher,!AH,Zanpah,Seiya,,2
408,AH!rchives #408,[ˈäl̪t̪er] ヒーロー,408.png,,Red,Metal Fingers,Duo,All Caps,Muraka,Onsen,,1
409,AH!rchives #409,[ˈäl̪t̪er] ヒーロー,409.png,,Pømme,Oshen,Ye,Stoik,Hoodie,,!Chimp,1
410,AH!rchives #410,[ˈäl̪t̪er] ヒーロー,410.png,,Megah!,All Star,Poska,Bored,Shimokita,Birds,,1
411,AH!rchives #411,[ˈäl̪t̪er] ヒーロー,411.png,,Orange,Geedorah,Gaze,Bored,Shiro,,,1
412,AH!rchives #412,[ˈäl̪t̪er] ヒーロー,412.png,The Next Episode,Runner,Seed,Poska,Vomitspit,,Pega,,1
413,AH!rchives #413,[ˈäl̪t̪er] ヒーロー,413.png,,Doré,Geedorah,The Slayer,Candy,General,Gangsta,,1
414,AH!rchives #414,[ˈäl̪t̪er] ヒーロー,414.png,,Red,Gumbo,The Slayer,Stoik,,King Of The Court,,1
415,AH!rchives #415,[ˈäl̪t̪er] ヒーロー,415.png,,P!nk,Gumbo,Stare,Stoik,Zanpah,Bloodsport,,1
416,AH!rchives #416,[ˈäl̪t̪er] ヒーロー,416.png,,Red,Maze,Watcher,All Caps,Hero,Seiya,,1
417,AH!rchives #417,[ˈäl̪t̪er] ヒーロー,417.png,,Red,Düne,Gaze,Stoik,,,!Chimp,1
418,AH!rchives #418,[ˈäl̪t̪er] ヒーロー,418.png,,Pømme,Seed,The Slayer,All Caps,Monk,,,1
419,AH!rchives #419,[ˈäl̪t̪er] ヒーロー,419.png,,Meknah,Nebu,Tribe,Stoik,Hero,Pega,,1
420,AH!rchives #420,[ˈäl̪t̪er] ヒーロー,420.png,,Megah!,Maze,Shocked,All Caps,!Champloo,Extended Version,,1
421,AH!rchives #421,[ˈäl̪t̪er] ヒーロー,421.png,,Sanctuary,Clay,Mercy,Quiet,General,Miya,,1
422,AH!rchives #422,[ˈäl̪t̪er] ヒーロー,422.png,,Neo,Gumbo,Ye,All Caps,,,,2
423,AH!rchives #423,[ˈäl̪t̪er] ヒーロー,423.png,The Shining,Pømme,Redbone,Bloody,Kookies,,Seiya,,1
424,AH!rchives #424,[ˈäl̪t̪er] ヒーロー,424.png,,Astro,Maze,Poska,Stoik,Zanpah,Halo,,1
425,AH!rchives #425,[ˈäl̪t̪er] ヒーロー,425.png,,Meknah,Geedorah,Watcher,Stoik,Monk,Miya,,1
426,AH!rchives #426,[ˈäl̪t̪er] ヒーロー,426.png,,Autumn,Geedorah,Gaze,All Caps,!Champloo,Pega,,1
427,AH!rchives #427,[ˈäl̪t̪er] ヒーロー,427.png,,Blū,Golden,Stare,!AH,,,,2
428,AH!rchives #428,[ˈäl̪t̪er] ヒーロー,428.png,The Shining,Rain,Gumbo,Ye,Stoik,,Onsen,,1
429,AH!rchives #429,[ˈäl̪t̪er] ヒーロー,429.png,,Blū,Geedorah,Hidden,Stoik,Bō Staff,Golf,,1
430,AH!rchives #430,[ˈäl̪t̪er] ヒーロー,430.png,,P!nk,Gumbo,Stare,Stoik,Baller,Mush,,1
431,AH!rchives #431,[ˈäl̪t̪er] ヒーロー,431.png,Double Nahki,Pømme,Nova,Hidden,Vault,,Golf,,1
432,AH!rchives #432,[ˈäl̪t̪er] ヒーロー,432.png,,Megah!,Metal Fingers,Shocked,All Caps,General,Mellow,,1
433,AH!rchives #433,[ˈäl̪t̪er] ヒーロー,433.png,,Off White,Geedorah,Watcher,All Caps,,Faces,,1
434,AH!rchives #434,[ˈäl̪t̪er] ヒーロー,434.png,,Pak,Düne,Ye,All Caps,,Extended Version,,1
435,AH!rchives #435,[ˈäl̪t̪er] ヒーロー,435.png,The Next Episode,Astro,Seed,Oracle,Candy,,Pega,,1
436,AH!rchives #436,[ˈäl̪t̪er] ヒーロー,436.png,,Pømme,Ogs,The Slayer,!AH,Monk,Mellow,,1
437,AH!rchives #437,[ˈäl̪t̪er] ヒーロー,437.png,,Off White,Nahki,Mono,!AH,Swat,Faces,,1
438,AH!rchives #438,[ˈäl̪t̪er] ヒーロー,438.png,,Megah!,Seed,Hidden,Quiet,Muraka,Golf,,1
439,AH!rchives #439,[ˈäl̪t̪er] ヒーロー,439.png,,Rain,Gumbo,Slash,All Caps,Shiro,,,1
440,AH!rchives #440,[ˈäl̪t̪er] ヒーロー,440.png,,P!nk,Clipse,Hidden,Stoik,Hoodie,Golf,,1
441,AH!rchives #441,[ˈäl̪t̪er] ヒーロー,441.png,,Megah!,Liquid,Stare,Bored,,,,1
442,AH!rchives #442,[ˈäl̪t̪er] ヒーロー,442.png,,Meknah,Nova,Prism,Bored,Borea,,,2
443,AH!rchives #443,[ˈäl̪t̪er] ヒーロー,443.png,Double Nahki,Pømme,Redbone,Ye,All Caps,,,,1
444,AH!rchives #444,[ˈäl̪t̪er] ヒーロー,444.png,,P!nk,Redbone,Ye,Yamé,Shiro,,White Noise,1
445,AH!rchives #445,[ˈäl̪t̪er] ヒーロー,445.png,,Sanctuary,Seed,Bloody,Bored,!Champloo,Crown,,1
446,AH!rchives #446,[ˈäl̪t̪er] ヒーロー,446.png,,Neo,Geedorah,Tribe,!AH,Shiro,Seiya,,1
447,AH!rchives #447,[ˈäl̪t̪er] ヒーロー,447.png,,Hyero,Gumbo,Stare,Stoik,Young World,Lauriers,,1
448,AH!rchives #448,[ˈäl̪t̪er] ヒーロー,448.png,Figaro,Fayah!,Metal Fingers,Watcher,All Caps,,Crown,,1
449,AH!rchives #449,[ˈäl̪t̪er] ヒーロー,449.png,Figaro,Fayah!,Gumbo,Shocked,Bored,,,,1
450,AH!rchives #450,[ˈäl̪t̪er] ヒーロー,450.png,,,First Press,,,,,,3
451,AH!rchives #451,[ˈäl̪t̪er] ヒーロー,451.png,Figaro,Black,Düne,Watcher,All Caps,,Halo,,1
452,AH!rchives #452,[ˈäl̪t̪er] ヒーロー,452.png,,Orange,Nebu,Ye,Stoik,,Shift,,1
453,AH!rchives #453,[ˈäl̪t̪er] ヒーロー,453.png,,Pømme,Ogs,Bloody,Stoik,Capsule,,Jurassik,1
454,AH!rchives #454,[ˈäl̪t̪er] ヒーロー,454.png,,Rose,Seed,Watcher,Stoik,,Halo,,1
455,AH!rchives #455,[ˈäl̪t̪er] ヒーロー,455.png,,Red,Seed,Shocked,Vomitspit,Muraka,Mellow,,1
456,AH!rchives #456,[ˈäl̪t̪er] ヒーロー,456.png,,Doré,Maze,Poska,!AH,,,White Noise,1
457,AH!rchives #457,[ˈäl̪t̪er] ヒーロー,457.png,,Cream,Geedorah,Surprised,Stoik,,Faces,,1
458,AH!rchives #458,[ˈäl̪t̪er] ヒーロー,458.png,The Next Episode,Red,Clay,Surprised,All Caps,,,White Noise,1
459,AH!rchives #459,[ˈäl̪t̪er] ヒーロー,459.png,,Orange,Seed,The Slayer,Yamé,Fury,Mush,,1
460,AH!rchives #460,[ˈäl̪t̪er] ヒーロー,460.png,,P!nk,Oshen,Ye,!AH,Capsule,,White Noise,1
461,AH!rchives #461,[ˈäl̪t̪er] ヒーロー,461.png,,Dream,Maze,Poska,Stoik,,Lauriers,,1
462,AH!rchives #462,[ˈäl̪t̪er] ヒーロー,462.png,,Astro,Seed,Ye,Yamé,!Champloo,Extended Version,,1
463,AH!rchives #463,[ˈäl̪t̪er] ヒーロー,463.png,The Shining,Off White,Clay,Watcher,Quiet,,Faces,,1
464,AH!rchives #464,[ˈäl̪t̪er] ヒーロー,464.png,,Off White,Seed,Prism,Candy,Hero,Mellow,,1
465,AH!rchives #465,[ˈäl̪t̪er] ヒーロー,465.png,,Astro,Seed,Watcher,All Caps,Avalanche,Nippon,,1
466,AH!rchives #466,[ˈäl̪t̪er] ヒーロー,466.png,,,White Label,,,,,,1
467,AH!rchives #467,[ˈäl̪t̪er] ヒーロー,467.png,,Doré,Ogs,Oracle,Stoik,Monk,,,1
468,AH!rchives #468,[ˈäl̪t̪er] ヒーロー,468.png,The Shining,Off White,Maze,The Slayer,!AH,,Miya,,1
469,AH!rchives #469,[ˈäl̪t̪er] ヒーロー,469.png,,P!nk,Gumbo,Oracle,Stoik,Tee,Onsen,,1
470,AH!rchives #470,[ˈäl̪t̪er] ヒーロー,470.png,,Megah!,Seed,Watcher,,Hoodie,Faces,,1
471,AH!rchives #471,[ˈäl̪t̪er] ヒーロー,471.png,The Next Episode,Fayah!,Geedorah,Watcher,All Caps,,Nippon,,1
472,AH!rchives #472,[ˈäl̪t̪er] ヒーロー,472.png,,Off White,Nahki,The Slayer,!AH,Hoodie,Halo,,1
473,AH!rchives #473,[ˈäl̪t̪er] ヒーロー,473.png,,Red,Golden,Tribe,All Caps,Shiro,Pega,,1
474,AH!rchives #474,[ˈäl̪t̪er] ヒーロー,474.png,,Rose,Metal Fingers,Poska,Stoik,General,Halo,,1
475,AH!rchives #475,[ˈäl̪t̪er] ヒーロー,475.png,,Red,Clay,Surprised,Stoik,!Champloo,Halo,,1
476,AH!rchives #476,[ˈäl̪t̪er] ヒーロー,476.png,Double Nahki,Cream,Redbone,Watcher,!AH,,Faces,,1
477,AH!rchives #477,[ˈäl̪t̪er] ヒーロー,477.png,,Rose,Gumbo,Stare,Stoik,Zanpah,,Ghost Brothers,1
478,AH!rchives #478,[ˈäl̪t̪er] ヒーロー,478.png,,Rose,Gumbo,Oracle,Stoik,Avalanche,Extended Version,,1
479,AH!rchives #479,[ˈäl̪t̪er] ヒーロー,479.png,,Off White,Oshen,Mono,!AH,Ronin,,Meowzart,1
480,AH!rchives #480,[ˈäl̪t̪er] ヒーロー,480.png,,P!nk,All Star,Ye,Stoik,Tee,Beanie,,1
481,AH!rchives #481,[ˈäl̪t̪er] ヒーロー,481.png,,Red,Geedorah,Gaze,All Caps,,,White Noise,1
482,AH!rchives #482,[ˈäl̪t̪er] ヒーロー,482.png,The Next Episode,Blū,Nebu,Bloody,All Caps,,,,1
483,AH!rchives #483,[ˈäl̪t̪er] ヒーロー,483.png,,Red,Golden,The Slayer,Yamé,Monk,Halo,,1
484,AH!rchives #484,[ˈäl̪t̪er] ヒーロー,484.png,,Megah!,Ogs,Ye,Stoik,,Lauriers,,1
485,AH!rchives #485,[ˈäl̪t̪er] ヒーロー,485.png,,Fayah!,Seed,Shocked,Stoik,!Champloo,Lauriers,,1
486,AH!rchives #486,[ˈäl̪t̪er] ヒーロー,486.png,,Blū,Seed,Watcher,Curls,,Shoe Deal,,1
487,AH!rchives #487,[ˈäl̪t̪er] ヒーロー,487.png,,Doré,Geedorah,Stare,Stoik,Baller,Lauriers,,1
488,AH!rchives #488,[ˈäl̪t̪er] ヒーロー,488.png,,Pømme,Nebu,The Slayer,!AH,!Champloo,,,2
489,AH!rchives #489,[ˈäl̪t̪er] ヒーロー,489.png,,Red,Nova,Gaze,Stoik,Bō Staff,,Meowzart,1
490,AH!rchives #490,[ˈäl̪t̪er] ヒーロー,490.png,,Off White,Golden,The Slayer,!AH,Shimokita,,,1
491,AH!rchives #491,[ˈäl̪t̪er] ヒーロー,491.png,,Doré,Gumbo,Poska,All Caps,Shimokita,,,1
492,AH!rchives #492,[ˈäl̪t̪er] ヒーロー,492.png,,Meknah,Nebu,Gaze,!AH,Hoodie,Seiya,,1
493,AH!rchives #493,[ˈäl̪t̪er] ヒーロー,493.png,,Neo,All Star,Gaze,Bye.,Shimokita,Bloodsport,,1
494,AH!rchives #494,[ˈäl̪t̪er] ヒーロー,494.png,,Dark Blū,Metal Fingers,Gaze,!AH,General,Bloodsport,,1
495,AH!rchives #495,[ˈäl̪t̪er] ヒーロー,495.png,,,First Press,,,,,,3
496,AH!rchives #496,[ˈäl̪t̪er] ヒーロー,496.png,,Cream,Nova,Ye,Yamé,Hero,Mellow,,1
497,AH!rchives #497,[ˈäl̪t̪er] ヒーロー,497.png,,Pømme,Golden,Mono,Yamé,Muraka,Golf,,1
498,AH!rchives #498,[ˈäl̪t̪er] ヒーロー,498.png,,Fayah!,Seed,Poska,Bored,Okinawa,Pega,,1
499,AH!rchives #499,[ˈäl̪t̪er] ヒーロー,499.png,,Doré,Maze,Stare,Bye.,Hero,Seiya,,1
500,AH!rchives #500,[ˈäl̪t̪er] ヒーロー,500.png,,Red,Seed,Oracle,Stoik,Rider,Nippon,,1
501,AH!rchives #501,[ˈäl̪t̪er] ヒーロー,501.png,,Rain,Redbone,Prism,Bye.,Hero,Pega,,1
502,AH!rchives #502,[ˈäl̪t̪er] ヒーロー,502.png,,Orange,Geedorah,Shocked,All Caps,,,,2
503,AH!rchives #503,[ˈäl̪t̪er] ヒーロー,503.png,The Next Episode,Fayah!,Maze,Mono,Stoik,,Bloodsport,,1
504,AH!rchives #504,[ˈäl̪t̪er] ヒーロー,504.png,,Pømme,Nebu,The Slayer,Bored,Hero,Onsen,,1
505,AH!rchives #505,[ˈäl̪t̪er] ヒーロー,505.png,,Pømme,Seed,Shocked,Bored,Bō Staff,Mellow,,1
506,AH!rchives #506,[ˈäl̪t̪er] ヒーロー,506.png,,Neo,Seed,Prism,All Caps,Borea,Mellow,,1
507,AH!rchives #507,[ˈäl̪t̪er] ヒーロー,507.png,,Cream,Metal Fingers,Gaze,!AH,Tee,Lauriers,,1
508,AH!rchives #508,[ˈäl̪t̪er] ヒーロー,508.png,,Off White,Clay,Watcher,Quiet,Hero,Seiya,,1
509,AH!rchives #509,[ˈäl̪t̪er] ヒーロー,509.png,,Fayah!,Maze,Ye,Kush,Shimokita,Miya,,1
510,AH!rchives #510,[ˈäl̪t̪er] ヒーロー,510.png,,Runner,Geedorah,The Slayer,Bored,Shimokita,,,1
511,AH!rchives #511,[ˈäl̪t̪er] ヒーロー,511.png,Double Dragon,Rose,Maze,Ye,All Caps,,,,1
512,AH!rchives #512,[ˈäl̪t̪er] ヒーロー,512.png,,Blū,Seed,Shocked,All Caps,Clouds,Halo,,1
513,AH!rchives #513,[ˈäl̪t̪er] ヒーロー,513.png,,Orange,Seed,Hidden,All Caps,Prospect,Golf,,1
514,AH!rchives #514,[ˈäl̪t̪er] ヒーロー,514.png,,Neo,Geedorah,Rage,All Caps,Capsule,Pega,,1
515,AH!rchives #515,[ˈäl̪t̪er] ヒーロー,515.png,,Off White,Seed,Gaze,All Caps,Hero,Halo,,1
516,AH!rchives #516,[ˈäl̪t̪er] ヒーロー,516.png,,Neo,Düne,Watcher,Bored,Clouds,,,1
517,AH!rchives #517,[ˈäl̪t̪er] ヒーロー,517.png,,Rose,Bahbū,Stare,Bored,Shimokita,,,1
518,AH!rchives #518,[ˈäl̪t̪er] ヒーロー,518.png,,Cream,Nahki,Watcher,Yamé,Hero,Mellow,,1
519,AH!rchives #519,[ˈäl̪t̪er] ヒーロー,519.png,,Blū,Oshen,Ye,Stoik,Fury,Seiya,,1
520,AH!rchives #520,[ˈäl̪t̪er] ヒーロー,520.png,,Rose,Seed,Gaze,Curls,Monk,Shoe Deal,,1
521,AH!rchives #521,[ˈäl̪t̪er] ヒーロー,521.png,,,First Press,,,,,,3
522,AH!rchives #522,[ˈäl̪t̪er] ヒーロー,522.png,Double Nahki,Neo,Maze,The Slayer,Vault,,Faces,,1
523,AH!rchives #523,[ˈäl̪t̪er] ヒーロー,523.png,,Rain,Gumbo,Stare,All Caps,General,Faces,,1
524,AH!rchives #524,[ˈäl̪t̪er] ヒーロー,524.png,,Meknah,Geedorah,Watcher,!AH,Monk,Halo,,1
525,AH!rchives #525,[ˈäl̪t̪er] ヒーロー,525.png,Figaro,Red,Maze,Mono,Stoik,,Mush,,1
526,AH!rchives #526,[ˈäl̪t̪er] ヒーロー,526.png,Barz,P!nk,Gumbo,Oracle,Stoik,,,,1
527,AH!rchives #527,[ˈäl̪t̪er] ヒーロー,527.png,,Cream,Ogs,The Slayer,Quiet,Zanpah,Seiya,,1
528,AH!rchives #528,[ˈäl̪t̪er] ヒーロー,528.png,,Red,Seed,Ye,Stoik,,,White Noise,1
529,AH!rchives #529,[ˈäl̪t̪er] ヒーロー,529.png,,Runner,Metal Fingers,Slash,All Caps,Clouds,Mellow,,1
530,AH!rchives #530,[ˈäl̪t̪er] ヒーロー,530.png,,P!nk,Seed,Ye,Bored,Tee,Miya,,1
531,AH!rchives #531,[ˈäl̪t̪er] ヒーロー,531.png,,Red,Nova,Ye,Stoik,General,Shift,,1
532,AH!rchives #532,[ˈäl̪t̪er] ヒーロー,532.png,,Off White,Liquid,Shocked,Stoik,Monk,,White Noise,1
533,AH!rchives #533,[ˈäl̪t̪er] ヒーロー,533.png,,Red,Düne,Mono,All Caps,,Shift,,1
534,AH!rchives #534,[ˈäl̪t̪er] ヒーロー,534.png,,Meknah,Seed,Mono,,Bō Staff,,Meowzart,1
535,AH!rchives #535,[ˈäl̪t̪er] ヒーロー,535.png,The Next Episode,Neo,Maze,Ye,All Caps,,Lauriers,,1
536,AH!rchives #536,[ˈäl̪t̪er] ヒーロー,536.png,,Off White,Gumbo,Bloody,Bored,General,Bloodsport,,1
537,AH!rchives #537,[ˈäl̪t̪er] ヒーロー,537.png,,Rose,Nova,Quartet,!AH,Illest,Miya,,2
538,AH!rchives #538,[ˈäl̪t̪er] ヒーロー,538.png,Barz,P!nk,Seed,Tribe,Bored,,Extended Version,,1
539,AH!rchives #539,[ˈäl̪t̪er] ヒーロー,539.png,,Cream,Golden,Surprised,Stoik,General,,White Noise,1
540,AH!rchives #540,[ˈäl̪t̪er] ヒーロー,540.png,,P!nk,Liquid,Spirit,All Caps,7th Chamber,,,1
541,AH!rchives #541,[ˈäl̪t̪er] ヒーロー,541.png,Barz,Red,All Star,Stare,!AH,,,Meowzart,1
542,AH!rchives #542,[ˈäl̪t̪er] ヒーロー,542.png,Double Dragon,Fayah!,Metal Fingers,Ye,!AH,,,,1
543,AH!rchives #543,[ˈäl̪t̪er] ヒーロー,543.png,,Blū,Metal Fingers,Hidden,Stoik,,Golf,,1
544,AH!rchives #544,[ˈäl̪t̪er] ヒーロー,544.png,,Red,Gumbo,Hidden,!AH,Zanpah,Golf,,1
545,AH!rchives #545,[ˈäl̪t̪er] ヒーロー,545.png,Figaro,Pak,Seed,Bloody,!AH,,Miya,,1
546,AH!rchives #546,[ˈäl̪t̪er] ヒーロー,546.png,,Meknah,Nova,A3000,Candy,Hoodie,Pega,,1
547,AH!rchives #547,[ˈäl̪t̪er] ヒーロー,547.png,,Rose,Redbone,Mono,Curls,Hero,Nippon,,1
548,AH!rchives #548,[ˈäl̪t̪er] ヒーロー,548.png,,Doré,Düne,Stare,Stoik,Bō Staff,,,1
549,AH!rchives #549,[ˈäl̪t̪er] ヒーロー,549.png,,Neo,Golden,Gaze,Stoik,Monk,,!Chimp,1
550,AH!rchives #550,[ˈäl̪t̪er] ヒーロー,550.png,,Pak,Redbone,Watcher,Stoik,Ronin,Seiya,,1
551,AH!rchives #551,[ˈäl̪t̪er] ヒーロー,551.png,,Orange,Gumbo,Poska,All Caps,General,,,1
552,AH!rchives #552,[ˈäl̪t̪er] ヒーロー,552.png,,Megah!,Golden,Stare,All Caps,Fury,Seiya,,1
553,AH!rchives #553,[ˈäl̪t̪er] ヒーロー,553.png,,Blū,Gumbo,Bloody,Stoik,,Halo,,1
554,AH!rchives #554,[ˈäl̪t̪er] ヒーロー,554.png,,Sanctuary,Seed,A3000,Bored,Shimokita,Faces,,1
555,AH!rchives #555,[ˈäl̪t̪er] ヒーロー,555.png,,Doré,Maze,Surprised,Stoik,,,,1
556,AH!rchives #556,[ˈäl̪t̪er] ヒーロー,556.png,,Cream,Odeya,Watcher,!AH,Ronin,,,1
557,AH!rchives #557,[ˈäl̪t̪er] ヒーロー,557.png,,Rain,Nova,Watcher,Stoik,Borea,Mush,,2
558,AH!rchives #558,[ˈäl̪t̪er] ヒーロー,558.png,,Autumn,Nova,Ye,All Caps,,,!Chimp,1
559,AH!rchives #559,[ˈäl̪t̪er] ヒーロー,559.png,,Red,Ogs,Hidden,!AH,Shiro,Golf,,1
560,AH!rchives #560,[ˈäl̪t̪er] ヒーロー,560.png,,Rose,Golden,Watcher,Stoik,Zanpah,,,1
561,AH!rchives #561,[ˈäl̪t̪er] ヒーロー,561.png,,Orange,Seed,Prism,Kush,Tee,Bulls,,1
562,AH!rchives #562,[ˈäl̪t̪er] ヒーロー,562.png,,Doré,Golden,Tribe,!AH,,,!Chimp,1
563,AH!rchives #563,[ˈäl̪t̪er] ヒーロー,563.png,,Neo,Ogs,Surprised,Stoik,!Champloo,,!Chimp,1
564,AH!rchives #564,[ˈäl̪t̪er] ヒーロー,564.png,Double Dragon,Megah!,All Star,Comet,Bored,,Miya,,1
565,AH!rchives #565,[ˈäl̪t̪er] ヒーロー,565.png,,Rose,Clipse,Watcher,All Caps,7th Chamber,,,1
566,AH!rchives #566,[ˈäl̪t̪er] ヒーロー,566.png,,Rose,Golden,A3000,All Caps,Rider,,White Noise,1
567,AH!rchives #567,[ˈäl̪t̪er] ヒーロー,567.png,,Rose,Maze,Comet,Stoik,!Champloo,,!Sensei,1
568,AH!rchives #568,[ˈäl̪t̪er] ヒーロー,568.png,,Rose,Nova,The Slayer,Stoik,,,,1
569,AH!rchives #569,[ˈäl̪t̪er] ヒーロー,569.png,,Cream,Düne,Spirit,All Caps,Zanpah,,Meowzart,1
570,AH!rchives #570,[ˈäl̪t̪er] ヒーロー,570.png,,Off White,Golden,Ye,Stoik,Muraka,,Meowzart,1
571,AH!rchives #571,[ˈäl̪t̪er] ヒーロー,571.png,Double Nahki,Blū,Clay,Poska,All Caps,,Miya,,1
572,AH!rchives #572,[ˈäl̪t̪er] ヒーロー,572.png,,P!nk,Seed,Comet,Stoik,,Mellow,,1
573,AH!rchives #573,[ˈäl̪t̪er] ヒーロー,573.png,,Dark Blū,Maze,Watcher,Bored,Hero,Onsen,,1
574,AH!rchives #574,[ˈäl̪t̪er] ヒーロー,574.png,,Blū,Gumbo,Stare,Quiet,7th Chamber,Seiya,,1
575,AH!rchives #575,[ˈäl̪t̪er] ヒーロー,575.png,,Red,Liquid,Tribe,Stoik,Hoodie,,,1
576,AH!rchives #576,[ˈäl̪t̪er] ヒーロー,576.png,,Off White,Seed,Gaze,!AH,!Champloo,Shift,,1
577,AH!rchives #577,[ˈäl̪t̪er] ヒーロー,577.png,,P!nk,Ogs,Mono,All Caps,Hoodie,Beanie,,1
578,AH!rchives #578,[ˈäl̪t̪er] ヒーロー,578.png,,P!nk,Oshen,Ye,Quiet,Shiro,,!Chimp,1
579,AH!rchives #579,[ˈäl̪t̪er] ヒーロー,579.png,,P!nk,Seed,Prism,Yamé,Fury,Extended Version,,1
580,AH!rchives #580,[ˈäl̪t̪er] ヒーロー,580.png,,,First Press,,,,,,3
581,AH!rchives #581,[ˈäl̪t̪er] ヒーロー,581.png,,,White Label,,,,,,1
582,AH!rchives #582,[ˈäl̪t̪er] ヒーロー,582.png,,Runner,Redbone,The Answer,Yamé,,,,1
583,AH!rchives #583,[ˈäl̪t̪er] ヒーロー,583.png,,Doré,Metal Fingers,Surprised,All Caps,Hoodie,Pega,,1
584,AH!rchives #584,[ˈäl̪t̪er] ヒーロー,584.png,,Neo,Gumbo,A3000,Yamé,General,Lauriers,,1
585,AH!rchives #585,[ˈäl̪t̪er] ヒーロー,585.png,,Orange,Maze,The Answer,Stoik,Zanpah,Lauriers,,1
586,AH!rchives #586,[ˈäl̪t̪er] ヒーロー,586.png,,Orange,Maze,Prism,Stoik,Hero,Pega,,1
587,AH!rchives #587,[ˈäl̪t̪er] ヒーロー,587.png,,Cream,Düne,The Answer,Stoik,Hoodie,Shift,,1
588,AH!rchives #588,[ˈäl̪t̪er] ヒーロー,588.png,Double Nahki,Cream,Redbone,Tribe,Stoik,,,,2
589,AH!rchives #589,[ˈäl̪t̪er] ヒーロー,589.png,,Cream,All Star,The Slayer,Bored,Shimokita,Onsen,,1
590,AH!rchives #590,[ˈäl̪t̪er] ヒーロー,590.png,,P!nk,Seed,Oracle,!AH,,Beanie,,1
591,AH!rchives #591,[ˈäl̪t̪er] ヒーロー,591.png,Double Dragon,Astro,Seed,Prism,All Caps,,Lauriers,,1
592,AH!rchives #592,[ˈäl̪t̪er] ヒーロー,592.png,,Sanctuary,Metal Fingers,A3000,All Caps,Bō Staff,Pega,,1
593,AH!rchives #593,[ˈäl̪t̪er] ヒーロー,593.png,,Blū,Seed,Rage,All Caps,,Golf,,1
594,AH!rchives #594,[ˈäl̪t̪er] ヒーロー,594.png,,Pømme,Seed,Prism,All Caps,Tee,Pega,,1
595,AH!rchives #595,[ˈäl̪t̪er] ヒーロー,595.png,Figaro,Red,Golden,Ye,Stoik,,Faces,,1
596,AH!rchives #596,[ˈäl̪t̪er] ヒーロー,596.png,,Runner,Seed,Mono,Stoik,Young World,Lauriers,,1
597,AH!rchives #597,[ˈäl̪t̪er] ヒーロー,597.png,,P!nk,Seed,Prism,Curls,Monk,,!Chimp,1
598,AH!rchives #598,[ˈäl̪t̪er] ヒーロー,598.png,,Rose,Clay,Rage,Stoik,Baller,Shoe Deal,,1
599,AH!rchives #599,[ˈäl̪t̪er] ヒーロー,599.png,,Meknah,Düne,Gaze,Bored,Shimokita,Mellow,,1
600,AH!rchives #600,[ˈäl̪t̪er] ヒーロー,600.png,,Rain,Seed,The Slayer,Stoik,!Champloo,,Meowzart,1
601,AH!rchives #601,[ˈäl̪t̪er] ヒーロー,601.png,The Shining,Pømme,Golden,Stare,All Caps,,,,1
602,AH!rchives #602,[ˈäl̪t̪er] ヒーロー,602.png,,Fayah!,Metal Fingers,Ye,All Caps,Shiro,Lauriers,,1
603,AH!rchives #603,[ˈäl̪t̪er] ヒーロー,603.png,,Runner,Geedorah,Mercy,All Caps,Ronin,Mellow,,1
604,AH!rchives #604,[ˈäl̪t̪er] ヒーロー,604.png,,Red,Maze,Bloody,!AH,Monk,Bloodsport,,1
605,AH!rchives #605,[ˈäl̪t̪er] ヒーロー,605.png,,Fayah!,Seed,Surprised,Quiet,,Pega,,1
606,AH!rchives #606,[ˈäl̪t̪er] ヒーロー,606.png,,Off White,Seed,Bloody,All Caps,Swat,King Of The Court,,1
607,AH!rchives #607,[ˈäl̪t̪er] ヒーロー,607.png,,Fayah!,Clay,Mono,Stoik,,Lauriers,,1
608,AH!rchives #608,[ˈäl̪t̪er] ヒーロー,608.png,,Cream,Maze,A3000,Stoik,Clouds,Mush,,1
609,AH!rchives #609,[ˈäl̪t̪er] ヒーロー,609.png,,Runner,Redbone,Mono,Bored,Muraka,Lauriers,,1
610,AH!rchives #610,[ˈäl̪t̪er] ヒーロー,610.png,The Shining,Neo,Redbone,The Slayer,Vault,,Pega,,1
611,AH!rchives #611,[ˈäl̪t̪er] ヒーロー,611.png,Figaro,Red,Redbone,Surprised,Bored,,Mush,,1
612,AH!rchives #612,[ˈäl̪t̪er] ヒーロー,612.png,,Orange,Seed,Ye,Stoik,Borea,Pega,,1
613,AH!rchives #613,[ˈäl̪t̪er] ヒーロー,613.png,,Cream,Redbone,The Slayer,Curls,Rider,Pega,,1
614,AH!rchives #614,[ˈäl̪t̪er] ヒーロー,614.png,,Rain,Golden,Prism,All Caps,,,,1
615,AH!rchives #615,[ˈäl̪t̪er] ヒーロー,615.png,,Orange,Düne,Poska,Bored,Muraka,,,1
616,AH!rchives #616,[ˈäl̪t̪er] ヒーロー,616.png,,Off White,All Star,The Slayer,All Caps,Swat,,,1
617,AH!rchives #617,[ˈäl̪t̪er] ヒーロー,617.png,,Off White,Golden,Watcher,Bored,Zanpah,Bloodsport,,1
618,AH!rchives #618,[ˈäl̪t̪er] ヒーロー,618.png,,Rose,Seed,Gaze,Stoik,Ronin,Shoe Deal,,1
619,AH!rchives #619,[ˈäl̪t̪er] ヒーロー,619.png,,Off White,Clay,Ye,Stoik,Borea,Lauriers,,1
620,AH!rchives #620,[ˈäl̪t̪er] ヒーロー,620.png,Double Nahki,Rain,Maze,The Slayer,All Caps,,Pega,,1
621,AH!rchives #621,[ˈäl̪t̪er] ヒーロー,621.png,,Dark Blū,Geedorah,Mono,Kush,Okinawa,Nippon,,1
622,AH!rchives #622,[ˈäl̪t̪er] ヒーロー,622.png,,Fayah!,Golden,Stare,Quiet,Fury,Pega,,1
623,AH!rchives #623,[ˈäl̪t̪er] ヒーロー,623.png,Double Nahki,P!nk,Nova,Bloody,All Caps,,,,1
624,AH!rchives #624,[ˈäl̪t̪er] ヒーロー,624.png,,P!nk,Seed,Mono,Curls,Avalanche,Pega,,1
625,AH!rchives #625,[ˈäl̪t̪er] ヒーロー,625.png,,Autumn,Nebu,The Slayer,All Caps,!Champloo,Seiya,,1
626,AH!rchives #626,[ˈäl̪t̪er] ヒーロー,626.png,The Shining,Doré,Clay,Ye,All Caps,,,,1
627,AH!rchives #627,[ˈäl̪t̪er] ヒーロー,627.png,,Doré,Seed,Stare,Yamé,Swat,,,1
628,AH!rchives #628,[ˈäl̪t̪er] ヒーロー,628.png,,Orange,Gumbo,Prism,All Caps,,Mellow,,1
629,AH!rchives #629,[ˈäl̪t̪er] ヒーロー,629.png,,Orange,Seed,The Answer,All Caps,,,,1
630,AH!rchives #630,[ˈäl̪t̪er] ヒーロー,630.png,,Meknah,All Star,The Slayer,Vomitspit,Hero,Bulls,,1
631,AH!rchives #631,[ˈäl̪t̪er] ヒーロー,631.png,Double Dragon,Cream,Ogs,,,,Kitsū,,2
632,AH!rchives #632,[ˈäl̪t̪er] ヒーロー,632.png,,Rose,Düne,Mercy,All Caps,,,!Sensei,1
633,AH!rchives #633,[ˈäl̪t̪er] ヒーロー,633.png,,Pømme,Gumbo,Oracle,Stoik,Hero,Lauriers,,1
634,AH!rchives #634,[ˈäl̪t̪er] ヒーロー,634.png,,Blū,Seed,Tribe,Bored,Hoodie,Shoe Deal,,1
635,AH!rchives #635,[ˈäl̪t̪er] ヒーロー,635.png,,Orange,Metal Fingers,Poska,Stoik,,Mellow,,1
636,AH!rchives #636,[ˈäl̪t̪er] ヒーロー,636.png,,Red,Seed,Poska,Kush,Muraka,!!,,1
637,AH!rchives #637,[ˈäl̪t̪er] ヒーロー,637.png,,Megah!,Golden,Watcher,!AH,Hero,Pega,,1
638,AH!rchives #638,[ˈäl̪t̪er] ヒーロー,638.png,,Fayah!,Seed,Prism,Bored,Muraka,Crown,,1
639,AH!rchives #639,[ˈäl̪t̪er] ヒーロー,639.png,Double Nahki,Blū,Gumbo,Watcher,All Caps,,Miya,,1
640,AH!rchives #640,[ˈäl̪t̪er] ヒーロー,640.png,Barz,Orange,Seed,Rage,Stoik,,Mush,,1
641,AH!rchives #641,[ˈäl̪t̪er] ヒーロー,641.png,Figaro,Blū,Düne,Slash,Kush,,Pega,,1
642,AH!rchives #642,[ˈäl̪t̪er] ヒーロー,642.png,,Cream,Seed,Prism,Yamé,Rider,,Jurassik,1
643,AH!rchives #643,[ˈäl̪t̪er] ヒーロー,643.png,,Rose,Golden,Prism,Curls,General,Crown,,1
644,AH!rchives #644,[ˈäl̪t̪er] ヒーロー,644.png,,Cream,Seed,Bloody,All Caps,Ronin,Bulls,,1
645,AH!rchives #645,[ˈäl̪t̪er] ヒーロー,645.png,,Blū,Geedorah,Mono,All Caps,Shimokita,Bloodsport,,1
646,AH!rchives #646,[ˈäl̪t̪er] ヒーロー,646.png,,Pømme,Seed,Prism,All Caps,Hoodie,Halo,,1
647,AH!rchives #647,[ˈäl̪t̪er] ヒーロー,647.png,,Neo,Gumbo,Mono,!AH,,Mush,,1
648,AH!rchives #648,[ˈäl̪t̪er] ヒーロー,648.png,Double Dragon,P!nk,Seed,The Answer,Curls,,Mellow,,1
649,AH!rchives #649,[ˈäl̪t̪er] ヒーロー,649.png,The Shining,Rain,Odeya,Comet,Vault,,,,1
650,AH!rchives #650,[ˈäl̪t̪er] ヒーロー,650.png,,Rose,Seed,Poska,All Caps,Bō Staff,Halo,,1
651,AH!rchives #651,[ˈäl̪t̪er] ヒーロー,651.png,,Rain,Ogs,The Slayer,All Caps,Hero,Onsen,,1
652,AH!rchives #652,[ˈäl̪t̪er] ヒーロー,652.png,,Meknah,Nahki,Tribe,Stoik,Avalanche,Birds,,1
653,AH!rchives #653,[ˈäl̪t̪er] ヒーロー,653.png,Double Dragon,Megah!,Nahki,The Slayer,All Caps,,King Of The Court,,2
654,AH!rchives #654,[ˈäl̪t̪er] ヒーロー,654.png,,Doré,Maze,Shocked,Quiet,Zanpah,,,1
655,AH!rchives #655,[ˈäl̪t̪er] ヒーロー,655.png,,Fayah!,Seed,Prism,All Caps,Shimokita,Shift,,1
656,AH!rchives #656,[ˈäl̪t̪er] ヒーロー,656.png,The Shining,Neo,Ogs,Ye,!AH,,,,1
657,AH!rchives #657,[ˈäl̪t̪er] ヒーロー,657.png,,Runner,Seed,Bloody,All Caps,,Lauriers,,1
658,AH!rchives #658,[ˈäl̪t̪er] ヒーロー,658.png,,P!nk,Clay,Hidden,All Caps,Swat,Golf,,1
659,AH!rchives #659,[ˈäl̪t̪er] ヒーロー,659.png,Double Nahki,Doré,Maze,Slash,!AH,,,,1
660,AH!rchives #660,[ˈäl̪t̪er] ヒーロー,660.png,,Neo,Nova,The Slayer,!AH,Fury,Bloodsport,,1
661,AH!rchives #661,[ˈäl̪t̪er] ヒーロー,661.png,,Dark Blū,Seed,Ye,Bored,Zanpah,Lauriers,,1
662,AH!rchives #662,[ˈäl̪t̪er] ヒーロー,662.png,,Blū,Maze,Stare,Bored,Clouds,Seiya,,1
663,AH!rchives #663,[ˈäl̪t̪er] ヒーロー,663.png,,Runner,Ogs,Ye,Quiet,Clouds,,White Noise,1
664,AH!rchives #664,[ˈäl̪t̪er] ヒーロー,664.png,The Next Episode,Blū,Düne,Shocked,Stoik,,Nippon,,1
665,AH!rchives #665,[ˈäl̪t̪er] ヒーロー,665.png,,Blū,Seed,Oracle,Quiet,Zanpah,,White Noise,1
666,AH!rchives #666,[ˈäl̪t̪er] ヒーロー,666.png,,Pømme,Düne,The Slayer,Bye.,Tee,,,1
667,AH!rchives #667,[ˈäl̪t̪er] ヒーロー,667.png,,,,,,,,,2
668,AH!rchives #668,[ˈäl̪t̪er] ヒーロー,668.png,,Astro,Seed,Ye,Bored,Hero,Mute,,1
669,AH!rchives #669,[ˈäl̪t̪er] ヒーロー,669.png,,Neo,Geedorah,Ye,!AH,Zanpah,,!Sensei,1
670,AH!rchives #670,[ˈäl̪t̪er] ヒーロー,670.png,,Runner,Maze,Gaze,Stoik,Hoodie,,,1
671,AH!rchives #671,[ˈäl̪t̪er] ヒーロー,671.png,,Neo,Golden,Mono,Stoik,,Extended Version,,1
672,AH!rchives #672,[ˈäl̪t̪er] ヒーロー,672.png,,P!nk,Seed,The Answer,Stoik,Okinawa,Shoe Deal,,1
673,AH!rchives #673,[ˈäl̪t̪er] ヒーロー,673.png,,Doré,Maze,A3000,All Caps,!Champloo,,,1
674,AH!rchives #674,[ˈäl̪t̪er] ヒーロー,674.png,,Rain,Golden,The Slayer,All Caps,Illest,Crown,,1
675,AH!rchives #675,[ˈäl̪t̪er] ヒーロー,675.png,The Next Episode,Neo,Gumbo,Mono,Yamé,,Lauriers,,1
676,AH!rchives #676,[ˈäl̪t̪er] ヒーロー,676.png,,Orange,Seed,Prism,All Caps,Baller,,,1
677,AH!rchives #677,[ˈäl̪t̪er] ヒーロー,677.png,,Sanctuary,Metal Fingers,Ye,All Caps,Muraka,Miya,,1
678,AH!rchives #678,[ˈäl̪t̪er] ヒーロー,678.png,,Runner,Seed,Tribe,All Caps,Fury,Mute,,1
679,AH!rchives #679,[ˈäl̪t̪er] ヒーロー,679.png,,Astro,Düne,Ye,Bored,,,!Chimp,1
680,AH!rchives #680,[ˈäl̪t̪er] ヒーロー,680.png,Double Dragon,Pak,All Star,Gaze,Yamé,,Mush,,1
681,AH!rchives #681,[ˈäl̪t̪er] ヒーロー,681.png,,Dark Blū,Liquid,Poska,All Caps,,Halo,,1
682,AH!rchives #682,[ˈäl̪t̪er] ヒーロー,682.png,,Rain,Maze,Mono,Stoik,Shiro,,,1
683,AH!rchives #683,[ˈäl̪t̪er] ヒーロー,683.png,,Cream,Geedorah,Rage,Yamé,Shiro,Bulls,,1
684,AH!rchives #684,[ˈäl̪t̪er] ヒーロー,684.png,,Meknah,Gumbo,Slash,!AH,Baller,Nippon,,1
685,AH!rchives #685,[ˈäl̪t̪er] ヒーロー,685.png,,Off White,Seed,Ye,Bored,,,White Noise,1
686,AH!rchives #686,[ˈäl̪t̪er] ヒーロー,686.png,,Blū,Seed,Gaze,All Caps,!Champloo,!!,,1
687,AH!rchives #687,[ˈäl̪t̪er] ヒーロー,687.png,,Rose,Düne,Hidden,Yamé,Baller,Golf,,1
688,AH!rchives #688,[ˈäl̪t̪er] ヒーロー,688.png,,Cream,Seed,Gaze,Stoik,Swat,Pega,,1
689,AH!rchives #689,[ˈäl̪t̪er] ヒーロー,689.png,Figaro,Cream,Gumbo,Prism,Stoik,,Mellow,,1
690,AH!rchives #690,[ˈäl̪t̪er] ヒーロー,690.png,,P!nk,Nahki,Comet,Bored,General,Pega,,1
691,AH!rchives #691,[ˈäl̪t̪er] ヒーロー,691.png,,Meknah,Nebu,Stare,Stoik,Tee,Lauriers,,1
692,AH!rchives #692,[ˈäl̪t̪er] ヒーロー,692.png,,Cream,Seed,Mono,Stoik,,Extended Version,,2
693,AH!rchives #693,[ˈäl̪t̪er] ヒーロー,693.png,Double Dragon,Cream,Clay,Shocked,All Caps,,Miya,,1
694,AH!rchives #694,[ˈäl̪t̪er] ヒーロー,694.png,,Rain,Golden,Bloody,!AH,Rider,Halo,,1
695,AH!rchives #695,[ˈäl̪t̪er] ヒーロー,695.png,Figaro,Dark Blū,Metal Fingers,Stare,Stoik,,Lauriers,,1
696,AH!rchives #696,[ˈäl̪t̪er] ヒーロー,696.png,Double Nahki,Megah!,Gumbo,Stare,!AH,,Seiya,,1
697,AH!rchives #697,[ˈäl̪t̪er] ヒーロー,697.png,Barz,Pak,Seed,Ye,Candy,,,,1
698,AH!rchives #698,[ˈäl̪t̪er] ヒーロー,698.png,,Megah!,Seed,Bloody,Vault,Okinawa,Miya,,1
699,AH!rchives #699,[ˈäl̪t̪er] ヒーロー,699.png,,Red,Oshen,Ye,Stoik,,,White Noise,1
700,AH!rchives #700,[ˈäl̪t̪er] ヒーロー,700.png,,Blū,Seed,Ye,!AH,Hoodie,,White Noise,1
701,AH!rchives #701,[ˈäl̪t̪er] ヒーロー,701.png,Double Dragon,Rain,Düne,The Answer,Stoik,,Mute,,1
702,AH!rchives #702,[ˈäl̪t̪er] ヒーロー,702.png,,Pømme,Seed,Prism,Quiet,Shimokita,,,1
703,AH!rchives #703,[ˈäl̪t̪er] ヒーロー,703.png,,Megah!,Gumbo,The Slayer,!AH,Tee,Seiya,,1
704,AH!rchives #704,[ˈäl̪t̪er] ヒーロー,704.png,,Hyero,Düne,Mono,All Caps,Baller,,,1
705,AH!rchives #705,[ˈäl̪t̪er] ヒーロー,705.png,,Doré,Maze,Stare,!AH,Shiro,Miya,,1
706,AH!rchives #706,[ˈäl̪t̪er] ヒーロー,706.png,,Doré,Golden,The Slayer,Stoik,Ronin,Golf,,1
707,AH!rchives #707,[ˈäl̪t̪er] ヒーロー,707.png,,Doré,Golden,Poska,Stoik,,,,1
708,AH!rchives #708,[ˈäl̪t̪er] ヒーロー,708.png,,Rose,Ogs,A3000,Bored,Muraka,,Meowzart,1
709,AH!rchives #709,[ˈäl̪t̪er] ヒーロー,709.png,,Rose,Oshen,,,,Dropout,,1
710,AH!rchives #710,[ˈäl̪t̪er] ヒーロー,710.png,,Runner,Seed,Stare,Yamé,Illest,,,1
711,AH!rchives #711,[ˈäl̪t̪er] ヒーロー,711.png,The Shining,Neo,Redbone,Hidden,Bored,,Golf,,1
712,AH!rchives #712,[ˈäl̪t̪er] ヒーロー,712.png,,Cream,Clay,Mono,All Caps,Swat,Pega,,1
713,AH!rchives #713,[ˈäl̪t̪er] ヒーロー,713.png,,,First Press,,,,,,3
714,AH!rchives #714,[ˈäl̪t̪er] ヒーロー,714.png,Double Nahki,Rain,Nova,Hidden,Yamé,,Golf,,1
715,AH!rchives #715,[ˈäl̪t̪er] ヒーロー,715.png,Double Dragon,Fayah!,Seed,Ye,Yamé,,Crown,,1
716,AH!rchives #716,[ˈäl̪t̪er] ヒーロー,716.png,Double Dragon,Rose,Düne,Surprised,All Caps,,Miya,,1
717,AH!rchives #717,[ˈäl̪t̪er] ヒーロー,717.png,,P!nk,Seed,Gaze,Stoik,Shimokita,Nippon,,1
718,AH!rchives #718,[ˈäl̪t̪er] ヒーロー,718.png,The Next Episode,Runner,Maze,Gaze,All Caps,,,,1
719,AH!rchives #719,[ˈäl̪t̪er] ヒーロー,719.png,,Dark Blū,Metal Fingers,Gaze,All Caps,Hero,,White Noise,1
720,AH!rchives #720,[ˈäl̪t̪er] ヒーロー,720.png,,Red,Maze,Bloody,Kush,Shiro,Nippon,,2
721,AH!rchives #721,[ˈäl̪t̪er] ヒーロー,721.png,,Cream,Oshen,Oracle,Stoik,Bō Staff,Halo,,1
722,AH!rchives #722,[ˈäl̪t̪er] ヒーロー,722.png,,Dark Blū,Gumbo,The Slayer,Quiet,!Champloo,,!Sensei,1
723,AH!rchives #723,[ˈäl̪t̪er] ヒーロー,723.png,,Blū,Seed,Ye,All Caps,Zanpah,Bobby,,1
724,AH!rchives #724,[ˈäl̪t̪er] ヒーロー,724.png,,Off White,Düne,Mono,Candy,Hoodie,,Meowzart,1
725,AH!rchives #725,[ˈäl̪t̪er] ヒーロー,725.png,,Dream,Gumbo,Bloody,Stoik,Zanpah,Miya,,1
726,AH!rchives #726,[ˈäl̪t̪er] ヒーロー,726.png,,Cream,Golden,Ye,All Caps,Shimokita,,,1
727,AH!rchives #727,[ˈäl̪t̪er] ヒーロー,727.png,,Off White,Liquid,The Slayer,All Caps,7th Chamber,Bloodsport,,1
728,AH!rchives #728,[ˈäl̪t̪er] ヒーロー,728.png,,Doré,Maze,Mono,Stoik,,,,1
729,AH!rchives #729,[ˈäl̪t̪er] ヒーロー,729.png,,Blū,Redbone,The Slayer,Vault,Fury,Gangsta,,1
730,AH!rchives #730,[ˈäl̪t̪er] ヒーロー,730.png,The Shining,Rain,Nebu,Watcher,All Caps,,Miya,,1
731,AH!rchives #731,[ˈäl̪t̪er] ヒーロー,731.png,,Off White,Düne,Watcher,Stoik,Tee,Lauriers,,1
732,AH!rchives #732,[ˈäl̪t̪er] ヒーロー,732.png,The Next Episode,P!nk,Clay,A3000,All Caps,,,!Chimp,1
733,AH!rchives #733,[ˈäl̪t̪er] ヒーロー,733.png,,Pømme,Seed,Prism,Quiet,Capsule,Faces,,1
734,AH!rchives #734,[ˈäl̪t̪er] ヒーロー,734.png,,,First Press,,,,,,3
735,AH!rchives #735,[ˈäl̪t̪er] ヒーロー,735.png,,Rose,Düne,Gaze,Candy,Baller,,!Chimp,1
736,AH!rchives #736,[ˈäl̪t̪er] ヒーロー,736.png,,Autumn,Clay,Mono,Stoik,Muraka,Lauriers,,1
737,AH!rchives #737,[ˈäl̪t̪er] ヒーロー,737.png,,Runner,Seed,Oracle,Bored,Shiro,Mute,,1
738,AH!rchives #738,[ˈäl̪t̪er] ヒーロー,738.png,,Doré,All Star,Surprised,All Caps,Hoodie,Miya,,1
739,AH!rchives #739,[ˈäl̪t̪er] ヒーロー,739.png,,Cream,Seed,Shocked,Stoik,Shiro,Onsen,,1
740,AH!rchives #740,[ˈäl̪t̪er] ヒーロー,740.png,The Next Episode,Blū,Maze,Shocked,All Caps,,Lauriers,,1
741,AH!rchives #741,[ˈäl̪t̪er] ヒーロー,741.png,,Rain,Maze,Watcher,Stoik,Bō Staff,,!Sensei,1
742,AH!rchives #742,[ˈäl̪t̪er] ヒーロー,742.png,,Orange,Seed,Stare,All Caps,Hoodie,Crown,,1
743,AH!rchives #743,[ˈäl̪t̪er] ヒーロー,743.png,,Red,Düne,Watcher,Candy,Avalanche,Crown,,1
744,AH!rchives #744,[ˈäl̪t̪er] ヒーロー,744.png,Double Nahki,Off White,Geedorah,Ye,All Caps,,,,1
745,AH!rchives #745,[ˈäl̪t̪er] ヒーロー,745.png,,Doré,Metal Fingers,Mono,All Caps,Shiro,Lauriers,,1
746,AH!rchives #746,[ˈäl̪t̪er] ヒーロー,746.png,Barz,Runner,Seed,Tribe,All Caps,,Halo,,1
747,AH!rchives #747,[ˈäl̪t̪er] ヒーロー,747.png,,Off White,Nova,Ye,Curls,Bō Staff,Seiya,,1
748,AH!rchives #748,[ˈäl̪t̪er] ヒーロー,748.png,Double Dragon,Orange,Düne,The Answer,Bored,,Lauriers,,1
749,AH!rchives #749,[ˈäl̪t̪er] ヒーロー,749.png,,Runner,Seed,Mono,!AH,,,,1
750,AH!rchives #750,[ˈäl̪t̪er] ヒーロー,750.png,,Rose,Ogs,Stare,All Caps,,,!Chimp,1
751,AH!rchives #751,[ˈäl̪t̪er] ヒーロー,751.png,,Doré,Gumbo,Surprised,All Caps,Shiro,,,1
752,AH!rchives #752,[ˈäl̪t̪er] ヒーロー,752.png,,Pømme,Redbone,Ye,Stoik,Baller,Lauriers,,1
753,AH!rchives #753,[ˈäl̪t̪er] ヒーロー,753.png,,Rose,Golden,Gaze,All Caps,Illest,Mellow,,2
754,AH!rchives #754,[ˈäl̪t̪er] ヒーロー,754.png,Double Dragon,Cream,Ogs,Ye,All Caps,,Miya,,2
755,AH!rchives #755,[ˈäl̪t̪er] ヒーロー,755.png,,Meknah,All Star,Ye,Stoik,Avalanche,Pega,,1
756,AH!rchives #756,[ˈäl̪t̪er] ヒーロー,756.png,,Orange,Geedorah,Bloody,Stoik,Clouds,Nippon,,1
757,AH!rchives #757,[ˈäl̪t̪er] ヒーロー,757.png,,Blū,Seed,The Answer,Bored,!Champloo,,White Noise,1
758,AH!rchives #758,[ˈäl̪t̪er] ヒーロー,758.png,,Cream,Clipse,Mono,Candy,Muraka,Pega,,1
759,AH!rchives #759,[ˈäl̪t̪er] ヒーロー,759.png,,P!nk,Metal Fingers,Stare,All Caps,Zanpah,Bulls,,2
760,AH!rchives #760,[ˈäl̪t̪er] ヒーロー,760.png,,P!nk,Seed,Ye,Stoik,Hoodie,Lauriers,,1
761,AH!rchives #761,[ˈäl̪t̪er] ヒーロー,761.png,,,White Label,,,,,,1
762,AH!rchives #762,[ˈäl̪t̪er] ヒーロー,762.png,,Pak,All Star,Hidden,,General,Golf,,1
763,AH!rchives #763,[ˈäl̪t̪er] ヒーロー,763.png,,Pømme,Maze,The Slayer,Stoik,!Champloo,,,2
764,AH!rchives #764,[ˈäl̪t̪er] ヒーロー,764.png,,Pømme,Seed,Ye,Quiet,Bō Staff,,,1
765,AH!rchives #765,[ˈäl̪t̪er] ヒーロー,765.png,,Red,Redbone,Watcher,Stoik,Hero,,!Sensei,1
766,AH!rchives #766,[ˈäl̪t̪er] ヒーロー,766.png,,Rain,Nahki,Stare,Vault,!Champloo,Halo,,1
767,AH!rchives #767,[ˈäl̪t̪er] ヒーロー,767.png,,Doré,Seed,Surprised,Yamé,Okinawa,,,1
768,AH!rchives #768,[ˈäl̪t̪er] ヒーロー,768.png,,Pømme,Redbone,The Slayer,!AH,Swat,Mellow,,1
769,AH!rchives #769,[ˈäl̪t̪er] ヒーロー,769.png,Figaro,Neo,Seed,Mono,Stoik,,King Of The Court,,1
770,AH!rchives #770,[ˈäl̪t̪er] ヒーロー,770.png,Double Nahki,Pak,Golden,Watcher,Stoik,,Pega,,1
771,AH!rchives #771,[ˈäl̪t̪er] ヒーロー,771.png,,Rain,Clay,Watcher,Bored,Hero,Onsen,,1
772,AH!rchives #772,[ˈäl̪t̪er] ヒーロー,772.png,,Blū,Redbone,Sentinelle,Stoik,General,Looper,,1
773,AH!rchives #773,[ˈäl̪t̪er] ヒーロー,773.png,,Autumn,Ogs,Hidden,Vault,Clouds,Golf,,1
774,AH!rchives #774,[ˈäl̪t̪er] ヒーロー,774.png,,Cream,Redbone,Stare,Kookies,Fury,Pega,,1
775,AH!rchives #775,[ˈäl̪t̪er] ヒーロー,775.png,,Cream,Nebu,The Slayer,Bored,Zanpah,,,1
776,AH!rchives #776,[ˈäl̪t̪er] ヒーロー,776.png,Double Nahki,Blū,Nebu,The Slayer,Kookies,,Bloodsport,,1
777,AH!rchives #777,[ˈäl̪t̪er] ヒーロー,777.png,,Runner,Clay,The Slayer,All Caps,Illest,,Supervillain,2
778,AH!rchives #778,[ˈäl̪t̪er] ヒーロー,778.png,,Cream,Seed,Ye,Kush,Zanpah,Shoe Deal,,1
779,AH!rchives #779,[ˈäl̪t̪er] ヒーロー,779.png,,Red,Liquid,Bloody,All Caps,Shimokita,Bulls,,1
780,AH!rchives #780,[ˈäl̪t̪er] ヒーロー,780.png,,P!nk,Liquid,Comet,Yamé,General,Halo,,1
781,AH!rchives #781,[ˈäl̪t̪er] ヒーロー,781.png,,Rain,Redbone,The Slayer,Candy,Muraka,Mute,,1
782,AH!rchives #782,[ˈäl̪t̪er] ヒーロー,782.png,,Orange,Oshen,Mono,Stoik,Hero,Shift,,1
783,AH!rchives #783,[ˈäl̪t̪er] ヒーロー,783.png,,Rain,Ogs,Poska,Stoik,,Faces,,1
784,AH!rchives #784,[ˈäl̪t̪er] ヒーロー,784.png,,Sanctuary,Ogs,The Slayer,Stoik,,,,1
785,AH!rchives #785,[ˈäl̪t̪er] ヒーロー,785.png,,Runner,Seed,Ye,Golden T,Bō Staff,Bulls,,1
786,AH!rchives #786,[ˈäl̪t̪er] ヒーロー,786.png,,Fayah!,Bahbū,Stare,All Caps,,,,1
787,AH!rchives #787,[ˈäl̪t̪er] ヒーロー,787.png,Figaro,Black,Düne,Gaze,Stoik,,,Meowzart,1
788,AH!rchives #788,[ˈäl̪t̪er] ヒーロー,788.png,,Orange,Ogs,A3000,Stoik,Okinawa,,Meowzart,1
789,AH!rchives #789,[ˈäl̪t̪er] ヒーロー,789.png,,Autumn,Redbone,The Answer,All Caps,Illest,Miya,,1
790,AH!rchives #790,[ˈäl̪t̪er] ヒーロー,790.png,,Cream,Gumbo,A3000,All Caps,Shimokita,,White Noise,2
791,AH!rchives #791,[ˈäl̪t̪er] ヒーロー,791.png,,Pømme,Maze,Ye,Candy,Ronin,Nippon,,1
792,AH!rchives #792,[ˈäl̪t̪er] ヒーロー,792.png,,Cream,Seed,Mercy,Bored,Hero,,Meowzart,1
793,AH!rchives #793,[ˈäl̪t̪er] ヒーロー,793.png,,Dream,Seed,Watcher,!AH,,Beanie,,1
794,AH!rchives #794,[ˈäl̪t̪er] ヒーロー,794.png,,P!nk,Maze,Stare,All Caps,Hoodie,,White Noise,1
795,AH!rchives #795,[ˈäl̪t̪er] ヒーロー,795.png,,Sanctuary,Seed,Surprised,Stoik,!Champloo,Miya,,1
796,AH!rchives #796,[ˈäl̪t̪er] ヒーロー,796.png,,Orange,Maze,Stare,Kookies,Bō Staff,,,1
797,AH!rchives #797,[ˈäl̪t̪er] ヒーロー,797.png,,Blū,Metal Fingers,Watcher,All Caps,,Halo,,1
798,AH!rchives #798,[ˈäl̪t̪er] ヒーロー,798.png,,Rose,Clay,Watcher,!AH,Hero,Shoe Deal,,1
799,AH!rchives #799,[ˈäl̪t̪er] ヒーロー,799.png,,Astro,Liquid,Mono,All Caps,Clouds,,!Sensei,1
800,AH!rchives #800,[ˈäl̪t̪er] ヒーロー,800.png,,P!nk,Seed,Shocked,Stoik,Hoodie,Mellow,,1
801,AH!rchives #801,[ˈäl̪t̪er] ヒーロー,801.png,,Doré,All Star,Hidden,Yamé,!Champloo,Golf,,1
802,AH!rchives #802,[ˈäl̪t̪er] ヒーロー,802.png,,Off White,Nova,Ye,All Caps,Zanpah,Faces,,1
803,AH!rchives #803,[ˈäl̪t̪er] ヒーロー,803.png,Double Dragon,Doré,Clay,Mono,Bored,,Bulls,,1
804,AH!rchives #804,[ˈäl̪t̪er] ヒーロー,804.png,,Dark Blū,Seed,Ye,Stoik,Avalanche,Mute,,1
805,AH!rchives #805,[ˈäl̪t̪er] ヒーロー,805.png,The Shining,Off White,Golden,Tribe,All Caps,,Faces,,1
806,AH!rchives #806,[ˈäl̪t̪er] ヒーロー,806.png,,Orange,Gumbo,Shocked,All Caps,,,,1
807,AH!rchives #807,[ˈäl̪t̪er] ヒーロー,807.png,,Neo,Geedorah,Stare,Kush,Zanpah,Extended Version,,1
808,AH!rchives #808,[ˈäl̪t̪er] ヒーロー,808.png,,Orange,Golden,Prism,All Caps,Shimokita,Halo,,1
809,AH!rchives #809,[ˈäl̪t̪er] ヒーロー,809.png,,Red,Seed,Spirit,Stoik,Hoodie,Mute,,1
810,AH!rchives #810,[ˈäl̪t̪er] ヒーロー,810.png,,Red,,Tribe,All Caps,Monk,,Supervillain,1
811,AH!rchives #811,[ˈäl̪t̪er] ヒーロー,811.png,,Red,Düne,Mono,All Caps,Bō Staff,Extended Version,,1
812,AH!rchives #812,[ˈäl̪t̪er] ヒーロー,812.png,The Next Episode,Megah!,Clipse,Watcher,Bored,,Halo,,2
813,AH!rchives #813,[ˈäl̪t̪er] ヒーロー,813.png,,Doré,Redbone,Ye,All Caps,Fury,Seiya,,2
814,AH!rchives #814,[ˈäl̪t̪er] ヒーロー,814.png,The Next Episode,Megah!,Düne,Comet,All Caps,,Halo,,2
815,AH!rchives #815,[ˈäl̪t̪er] ヒーロー,815.png,,,,,,,,,3
816,AH!rchives #816,[ˈäl̪t̪er] ヒーロー,816.png,,Red,Seed,Stare,Kookies,,,!Chimp,1
817,AH!rchives #817,[ˈäl̪t̪er] ヒーロー,817.png,,Rain,Liquid,Spirit,All Caps,,Halo,,1
818,AH!rchives #818,[ˈäl̪t̪er] ヒーロー,818.png,,Pak,Golden,Comet,Quiet,Zanpah,Miya,,1
819,AH!rchives #819,[ˈäl̪t̪er] ヒーロー,819.png,The Next Episode,Red,Nebu,Mono,!AH,,Nippon,,1
820,AH!rchives #820,[ˈäl̪t̪er] ヒーロー,820.png,Double Dragon,Neo,Seed,Oracle,All Caps,,Extended Version,,1
821,AH!rchives #821,[ˈäl̪t̪er] ヒーロー,821.png,,Astro,Gumbo,Surprised,All Caps,Clouds,,!Chimp,1
822,AH!rchives #822,[ˈäl̪t̪er] ヒーロー,822.png,,Orange,Seed,Ye,,Muraka,Shoe Deal,,1
823,AH!rchives #823,[ˈäl̪t̪er] ヒーロー,823.png,,Astro,Golden,Oracle,All Caps,Shimokita,,White Noise,1
824,AH!rchives #824,[ˈäl̪t̪er] ヒーロー,824.png,,P!nk,Seed,Prism,Stoik,Monk,Shift,,1
825,AH!rchives #825,[ˈäl̪t̪er] ヒーロー,825.png,,Dark Blū,Düne,Surprised,All Caps,Bō Staff,Birds,,1
826,AH!rchives #826,[ˈäl̪t̪er] ヒーロー,826.png,,Dream,Maze,Mono,All Caps,,Halo,,1
827,AH!rchives #827,[ˈäl̪t̪er] ヒーロー,827.png,,Blū,Düne,Oracle,Stoik,Shimokita,,,1
828,AH!rchives #828,[ˈäl̪t̪er] ヒーロー,828.png,Blū,Red,Clay,Ye,Bored,,,,2
829,AH!rchives #829,[ˈäl̪t̪er] ヒーロー,829.png,Figaro,Rose,Clay,Surprised,All Caps,,,White Noise,1
830,AH!rchives #830,[ˈäl̪t̪er] ヒーロー,830.png,,P!nk,Clay,Ye,Candy,Bō Staff,Pega,,1
831,AH!rchives #831,[ˈäl̪t̪er] ヒーロー,831.png,The Next Episode,Rose,Maze,Shocked,All Caps,,,Meowzart,1
832,AH!rchives #832,[ˈäl̪t̪er] ヒーロー,832.png,The Shining,Megah!,Maze,Hidden,Vault,,Golf,,1
833,AH!rchives #833,[ˈäl̪t̪er] ヒーロー,833.png,,Rose,Seed,Oracle,Kush,Hero,Shift,,1
834,AH!rchives #834,[ˈäl̪t̪er] ヒーロー,834.png,,,White Label,,,,,,1
835,AH!rchives #835,[ˈäl̪t̪er] ヒーロー,835.png,The Next Episode,Rose,Düne,Hidden,All Caps,,Golf,,1
836,AH!rchives #836,[ˈäl̪t̪er] ヒーロー,836.png,,Blū,Maze,Ye,Stoik,,,,1
837,AH!rchives #837,[ˈäl̪t̪er] ヒーロー,837.png,,Meknah,Liquid,Gaze,Stoik,Illest,,,1
838,AH!rchives #838,[ˈäl̪t̪er] ヒーロー,838.png,,Pømme,Nebu,Slash,Stoik,Bō Staff,Seiya,,1
839,AH!rchives #839,[ˈäl̪t̪er] ヒーロー,839.png,,Doré,Nova,Watcher,!AH,Muraka,Lauriers,,1
840,AH!rchives #840,[ˈäl̪t̪er] ヒーロー,840.png,,Off White,Gumbo,Slash,Stoik,Zanpah,,,1
841,AH!rchives #841,[ˈäl̪t̪er] ヒーロー,841.png,,Pømme,Seed,Comet,All Caps,Shiro,Pega,,1
842,AH!rchives #842,[ˈäl̪t̪er] ヒーロー,842.png,Double Dragon,Red,Düne,Bloody,,,Halo,,1
843,AH!rchives #843,[ˈäl̪t̪er] ヒーロー,843.png,,Blū,Seed,Shocked,All Caps,,,,2
844,AH!rchives #844,[ˈäl̪t̪er] ヒーロー,844.png,,,White Label,,,,,,1
845,AH!rchives #845,[ˈäl̪t̪er] ヒーロー,845.png,,Off White,Seed,Prism,Stoik,Hoodie,King Of The Court,,1
846,AH!rchives #846,[ˈäl̪t̪er] ヒーロー,846.png,,Pømme,Redbone,Quartet,All Caps,General,Faces,,1
847,AH!rchives #847,[ˈäl̪t̪er] ヒーロー,847.png,,Red,Düne,Bloody,Stoik,,,,2
848,AH!rchives #848,[ˈäl̪t̪er] ヒーロー,848.png,,Red,Nova,Stare,All Caps,General,,,1
849,AH!rchives #849,[ˈäl̪t̪er] ヒーロー,849.png,,,First Press,,,,,,3
850,AH!rchives #850,[ˈäl̪t̪er] ヒーロー,850.png,,Dark Blū,Düne,Stare,All Caps,Illest,,,1
851,AH!rchives #851,[ˈäl̪t̪er] ヒーロー,851.png,,Rain,Maze,Ye,Stoik,Clouds,Halo,,2
852,AH!rchives #852,[ˈäl̪t̪er] ヒーロー,852.png,,Rain,Nebu,Tribe,All Caps,Swat,Onsen,,1
853,AH!rchives #853,[ˈäl̪t̪er] ヒーロー,853.png,,,White Label,,,,,,1
854,AH!rchives #854,[ˈäl̪t̪er] ヒーロー,854.png,,Pak,Maze,Ye,Stoik,,Halo,,1
855,AH!rchives #855,[ˈäl̪t̪er] ヒーロー,855.png,,Fayah!,All Star,Mono,All Caps,Avalanche,Faces,,1
856,AH!rchives #856,[ˈäl̪t̪er] ヒーロー,856.png,,Blū,Seed,A3000,Stoik,Muraka,,,1
857,AH!rchives #857,[ˈäl̪t̪er] ヒーロー,857.png,,Rain,Nebu,Ye,Bored,Shiro,Seiya,,1
858,AH!rchives #858,[ˈäl̪t̪er] ヒーロー,858.png,,,White Label,,,,,,1
859,AH!rchives #859,[ˈäl̪t̪er] ヒーロー,859.png,,Doré,Golden,Shocked,All Caps,Muraka,Mellow,,1
860,AH!rchives #860,[ˈäl̪t̪er] ヒーロー,860.png,,Pømme,Seed,Gaze,Curls,Bō Staff,,White Noise,1
861,AH!rchives #861,[ˈäl̪t̪er] ヒーロー,861.png,,Neo,Nova,Stare,All Caps,Hero,Seiya,,1
862,AH!rchives #862,[ˈäl̪t̪er] ヒーロー,862.png,,Fayah!,Metal Fingers,Comet,All Caps,Baller,,Supervillain,2
863,AH!rchives #863,[ˈäl̪t̪er] ヒーロー,863.png,,Neo,Seed,Mono,Golden T,Tee,Golf,,1
864,AH!rchives #864,[ˈäl̪t̪er] ヒーロー,864.png,,Black,Nebu,Watcher,All Caps,General,Miya,,1
865,AH!rchives #865,[ˈäl̪t̪er] ヒーロー,865.png,,Cream,Golden,Bloody,All Caps,Muraka,Halo,,1
866,AH!rchives #866,[ˈäl̪t̪er] ヒーロー,866.png,,Pømme,Clay,Shocked,Bored,Hero,Pega,,1
867,AH!rchives #867,[ˈäl̪t̪er] ヒーロー,867.png,,Blū,Seed,Ye,Stoik,,Mute,,1
868,AH!rchives #868,[ˈäl̪t̪er] ヒーロー,868.png,,Pømme,Redbone,Oracle,All Caps,,Nippon,,1
869,AH!rchives #869,[ˈäl̪t̪er] ヒーロー,869.png,,Orange,Maze,A3000,Bored,Zanpah,Halo,,1
870,AH!rchives #870,[ˈäl̪t̪er] ヒーロー,870.png,Double Dragon,Blū,Geedorah,Tribe,Kookies,,Miya,,1
871,AH!rchives #871,[ˈäl̪t̪er] ヒーロー,871.png,,Neo,Maze,A3000,!AH,Bō Staff,Lucid Dream,,1
872,AH!rchives #872,[ˈäl̪t̪er] ヒーロー,872.png,,Blū,Oshen,Poska,All Caps,Muraka,,,1
873,AH!rchives #873,[ˈäl̪t̪er] ヒーロー,873.png,,Fayah!,Seed,Poska,Candy,Monk,,White Noise,1
874,AH!rchives #874,[ˈäl̪t̪er] ヒーロー,874.png,Double Dragon,Megah!,Maze,Mono,All Caps,,Crown,,2
875,AH!rchives #875,[ˈäl̪t̪er] ヒーロー,875.png,,Rain,Seed,Shocked,All Caps,General,Halo,,1
876,AH!rchives #876,[ˈäl̪t̪er] ヒーロー,876.png,,Neo,Redbone,Prism,Yamé,Baller,Bloodsport,,1
877,AH!rchives #877,[ˈäl̪t̪er] ヒーロー,877.png,,Orange,Metal Fingers,Prism,!AH,Baller,Nippon,,1
878,AH!rchives #878,[ˈäl̪t̪er] ヒーロー,878.png,,Off White,Maze,Ye,Curls,Clouds,,,1
879,AH!rchives #879,[ˈäl̪t̪er] ヒーロー,879.png,The Shining,Blū,Maze,Stare,Vault,,Mellow,,1
880,AH!rchives #880,[ˈäl̪t̪er] ヒーロー,880.png,,,,,,,,,2
881,AH!rchives #881,[ˈäl̪t̪er] ヒーロー,881.png,,Dream,Seed,Ye,All Caps,Tee,,,1
882,AH!rchives #882,[ˈäl̪t̪er] ヒーロー,882.png,The Next Episode,Neo,Gumbo,Surprised,Stoik,,,,1
883,AH!rchives #883,[ˈäl̪t̪er] ヒーロー,883.png,,Rose,Clay,Oracle,Stoik,,,,1
884,AH!rchives #884,[ˈäl̪t̪er] ヒーロー,884.png,,Rain,Seed,Mono,Kookies,Hero,Miya,,1
885,AH!rchives #885,[ˈäl̪t̪er] ヒーロー,885.png,,Off White,Seed,Rage,Kush,Swat,,!Chimp,1
886,AH!rchives #886,[ˈäl̪t̪er] ヒーロー,886.png,Double Dragon,Orange,Oshen,Watcher,Kookies,,Nippon,,1
887,AH!rchives #887,[ˈäl̪t̪er] ヒーロー,887.png,,Astro,Golden,Rage,All Caps,Shiro,Nippon,,1
888,AH!rchives #888,[ˈäl̪t̪er] ヒーロー,888.png,,Orange,Seed,Prism,Stoik,Bō Staff,,,1
889,AH!rchives #889,[ˈäl̪t̪er] ヒーロー,889.png,,Rain,Geedorah,Hidden,All Caps,Illest,Extended Version,,2
890,AH!rchives #890,[ˈäl̪t̪er] ヒーロー,890.png,,Cream,Clay,Watcher,!AH,Fury,Onsen,,1
891,AH!rchives #891,[ˈäl̪t̪er] ヒーロー,891.png,,Megah!,Odeya,Watcher,Bye.,General,Lauriers,,1
892,AH!rchives #892,[ˈäl̪t̪er] ヒーロー,892.png,,Dream,Seed,Poska,Yamé,Avalanche,Crown,,1
893,AH!rchives #893,[ˈäl̪t̪er] ヒーロー,893.png,,P!nk,Clay,Shocked,Bored,7th Chamber,Lauriers,,1
894,AH!rchives #894,[ˈäl̪t̪er] ヒーロー,894.png,,Off White,Maze,Spirit,Bored,Ronin,Nippon,,1
895,AH!rchives #895,[ˈäl̪t̪er] ヒーロー,895.png,,Cream,Seed,Stare,Kookies,,Halo,,1
896,AH!rchives #896,[ˈäl̪t̪er] ヒーロー,896.png,,Off White,Metal Fingers,Bloody,Stoik,Zanpah,,Supervillain,1
897,AH!rchives #897,[ˈäl̪t̪er] ヒーロー,897.png,Figaro,Doré,Seed,Stare,Golden T,,Faces,,1
898,AH!rchives #898,[ˈäl̪t̪er] ヒーロー,898.png,,Orange,Maze,Bloody,Stoik,Capsule,Lauriers,,1
899,AH!rchives #899,[ˈäl̪t̪er] ヒーロー,899.png,,Neo,Clay,Ye,!AH,7th Chamber,,!Sensei,1
900,AH!rchives #900,[ˈäl̪t̪er] ヒーロー,900.png,,Pak,Düne,Spirit,Bored,Bō Staff,,!Sensei,1
901,AH!rchives #901,[ˈäl̪t̪er] ヒーロー,901.png,,Autumn,Seed,Gaze,Stoik,!Champloo,Lauriers,,1
902,AH!rchives #902,[ˈäl̪t̪er] ヒーロー,902.png,The Next Episode,Doré,Clay,A3000,Stoik,,,,1
903,AH!rchives #903,[ˈäl̪t̪er] ヒーロー,903.png,,Astro,Düne,A3000,All Caps,Clouds,Beanie,,1
904,AH!rchives #904,[ˈäl̪t̪er] ヒーロー,904.png,,Orange,Clay,Poska,Stoik,Monk,,,1
905,AH!rchives #905,[ˈäl̪t̪er] ヒーロー,905.png,,Doré,Golden,Watcher,!AH,!Champloo,,!Sensei,1
906,AH!rchives #906,[ˈäl̪t̪er] ヒーロー,906.png,,Neo,Seed,Shocked,Bored,7th Chamber,,,1
907,AH!rchives #907,[ˈäl̪t̪er] ヒーロー,907.png,,Dark Blū,Nova,Watcher,Stoik,7th Chamber,Nippon,,1
908,AH!rchives #908,[ˈäl̪t̪er] ヒーロー,908.png,,Doré,Clay,Tribe,Stoik,Bō Staff,Nippon,,1
909,AH!rchives #909,[ˈäl̪t̪er] ヒーロー,909.png,,Rain,Bahbū,The Answer,All Caps,Shiro,,,2
910,AH!rchives #910,[ˈäl̪t̪er] ヒーロー,910.png,Double Dragon,Black,Golden,Ye,All Caps,,,,1
911,AH!rchives #911,[ˈäl̪t̪er] ヒーロー,911.png,,Meknah,Düne,Comet,!AH,Zanpah,Gangsta,,1
912,AH!rchives #912,[ˈäl̪t̪er] ヒーロー,912.png,Figaro,Off White,All Star,Slash,Yamé,,Onsen,,1
913,AH!rchives #913,[ˈäl̪t̪er] ヒーロー,913.png,,Meknah,Maze,A3000,All Caps,Borea,,,1
914,AH!rchives #914,[ˈäl̪t̪er] ヒーロー,914.png,,Astro,Nahki,Mercy,All Caps,!Champloo,Seiya,,1
915,AH!rchives #915,[ˈäl̪t̪er] ヒーロー,915.png,,Rain,Seed,Mono,All Caps,Okinawa,Mush,,1
916,AH!rchives #916,[ˈäl̪t̪er] ヒーロー,916.png,,Rain,Nebu,Ye,All Caps,!Champloo,Halo,,1
917,AH!rchives #917,[ˈäl̪t̪er] ヒーロー,917.png,,,First Press,,,,,,3
918,AH!rchives #918,[ˈäl̪t̪er] ヒーロー,918.png,Blū,Blū,Ogs,Ye,All Caps,,,,2
919,AH!rchives #919,[ˈäl̪t̪er] ヒーロー,919.png,Double Nahki,Doré,All Star,Bloody,Stoik,,Miya,,1
920,AH!rchives #920,[ˈäl̪t̪er] ヒーロー,920.png,,Blū,Seed,Gaze,Quiet,Hero,Shoe Deal,,1
921,AH!rchives #921,[ˈäl̪t̪er] ヒーロー,921.png,,Red,Metal Fingers,Stare,All Caps,Muraka,Mellow,,1
922,AH!rchives #922,[ˈäl̪t̪er] ヒーロー,922.png,,Runner,Clay,Stare,Candy,Shimokita,,,1
923,AH!rchives #923,[ˈäl̪t̪er] ヒーロー,923.png,,Blū,Clay,Shocked,All Caps,Clouds,Looper,,1
924,AH!rchives #924,[ˈäl̪t̪er] ヒーロー,924.png,,Pømme,Seed,Prism,Quiet,Baller,Shift,,1
925,AH!rchives #925,[ˈäl̪t̪er] ヒーロー,925.png,,Pømme,Odeya,Stare,All Caps,General,,,1
926,AH!rchives #926,[ˈäl̪t̪er] ヒーロー,926.png,,Cream,Ogs,Mono,Yamé,Muraka,Lauriers,,1
927,AH!rchives #927,[ˈäl̪t̪er] ヒーロー,927.png,The Next Episode,Neo,Maze,Ye,All Caps,,Halo,,1
928,AH!rchives #928,[ˈäl̪t̪er] ヒーロー,928.png,,Off White,Gumbo,The Slayer,!AH,Clouds,Faces,,1
929,AH!rchives #929,[ˈäl̪t̪er] ヒーロー,929.png,,Red,Maze,Bloody,Stoik,Fury,Looper,,1
930,AH!rchives #930,[ˈäl̪t̪er] ヒーロー,930.png,,Pak,All Star,Poska,All Caps,Tee,Benny,,1
931,AH!rchives #931,[ˈäl̪t̪er] ヒーロー,931.png,,Red,Maze,Poska,All Caps,7th Chamber,Bloodsport,,1
932,AH!rchives #932,[ˈäl̪t̪er] ヒーロー,932.png,The Shining,Cream,Redbone,Watcher,Bored,,,,1
933,AH!rchives #933,[ˈäl̪t̪er] ヒーロー,933.png,,Neo,Golden,Shocked,All Caps,Hoodie,Faces,,1
934,AH!rchives #934,[ˈäl̪t̪er] ヒーロー,934.png,Figaro,Runner,Oshen,Shocked,Stoik,,Mush,,1
935,AH!rchives #935,[ˈäl̪t̪er] ヒーロー,935.png,,Orange,Nova,Gaze,Stoik,Hoodie,Lucid Dream,,1
936,AH!rchives #936,[ˈäl̪t̪er] ヒーロー,936.png,,Pømme,Odeya,Mono,Candy,Bō Staff,Faces,,1
937,AH!rchives #937,[ˈäl̪t̪er] ヒーロー,937.png,,P!nk,Gumbo,Ye,All Caps,Zanpah,Crown,,1
938,AH!rchives #938,[ˈäl̪t̪er] ヒーロー,938.png,,Fayah!,Seed,Spirit,Golden T,Hero,Mush,,1
939,AH!rchives #939,[ˈäl̪t̪er] ヒーロー,939.png,,Sanctuary,Maze,Comet,Bored,Izu,Looper,,1
940,AH!rchives #940,[ˈäl̪t̪er] ヒーロー,940.png,Double Dragon,Off White,Seed,Surprised,Curls,,Bloodsport,,1
941,AH!rchives #941,[ˈäl̪t̪er] ヒーロー,941.png,Double Dragon,Pømme,Golden,Ye,!AH,,Lauriers,,1
942,AH!rchives #942,[ˈäl̪t̪er] ヒーロー,942.png,,Doré,Maze,Stare,Stoik,Shiro,Bulls,,1
943,AH!rchives #943,[ˈäl̪t̪er] ヒーロー,943.png,,Pømme,Seed,Prism,Yamé,Swat,Halo,,1
944,AH!rchives #944,[ˈäl̪t̪er] ヒーロー,944.png,,Blū,Seed,Prism,Yamé,Shiro,,Meowzart,1
945,AH!rchives #945,[ˈäl̪t̪er] ヒーロー,945.png,,Red,Düne,Ye,Stoik,Fury,Miya,,1
946,AH!rchives #946,[ˈäl̪t̪er] ヒーロー,946.png,,Red,Gumbo,Bloody,Stoik,7th Chamber,Seiya,,1
947,AH!rchives #947,[ˈäl̪t̪er] ヒーロー,947.png,,Dark Blū,Golden,The Slayer,Stoik,Avalanche,Bloodsport,,1
948,AH!rchives #948,[ˈäl̪t̪er] ヒーロー,948.png,,Autumn,Seed,Rage,Yamé,General,Onsen,,1
949,AH!rchives #949,[ˈäl̪t̪er] ヒーロー,949.png,,Blū,Seed,Mono,Quiet,Hoodie,,Meowzart,1
950,AH!rchives #950,[ˈäl̪t̪er] ヒーロー,950.png,,Rose,Metal Fingers,Slash,All Caps,Bō Staff,Halo,,1
951,AH!rchives #951,[ˈäl̪t̪er] ヒーロー,951.png,,Rain,Maze,Slash,Stoik,,Onsen,,1
952,AH!rchives #952,[ˈäl̪t̪er] ヒーロー,952.png,Figaro,Off White,Maze,Watcher,Candy,,Onsen,,2
953,AH!rchives #953,[ˈäl̪t̪er] ヒーロー,953.png,,Doré,Seed,Oracle,Vault,Borea,!!,,1
954,AH!rchives #954,[ˈäl̪t̪er] ヒーロー,954.png,,Blū,Clay,Surprised,Yamé,Bō Staff,Beanie,,1
955,AH!rchives #955,[ˈäl̪t̪er] ヒーロー,955.png,Double Nahki,Black,Maze,Watcher,Bored,,,,1
956,AH!rchives #956,[ˈäl̪t̪er] ヒーロー,956.png,Figaro,Rose,Seed,Watcher,All Caps,,,,1
957,AH!rchives #957,[ˈäl̪t̪er] ヒーロー,957.png,,Doré,Seed,Prism,All Caps,Prospect,,Meowzart,1
958,AH!rchives #958,[ˈäl̪t̪er] ヒーロー,958.png,,Megah!,Seed,Prism,All Caps,Prism,Extended Version,,1
959,AH!rchives #959,[ˈäl̪t̪er] ヒーロー,959.png,Barz,Orange,Maze,Mono,Kookies,,,!Chimp,1
960,AH!rchives #960,[ˈäl̪t̪er] ヒーロー,960.png,,Fayah!,Nebu,The Slayer,Quiet,Bō Staff,Seiya,,1
961,AH!rchives #961,[ˈäl̪t̪er] ヒーロー,961.png,,Dark Blū,Seed,Poska,All Caps,Prospect,,White Noise,1
962,AH!rchives #962,[ˈäl̪t̪er] ヒーロー,962.png,,Blū,Maze,Bloody,All Caps,Muraka,Onsen,,1
963,AH!rchives #963,[ˈäl̪t̪er] ヒーロー,963.png,,Off White,Maze,Surprised,Bye.,Baller,Shift,,1
964,AH!rchives #964,[ˈäl̪t̪er] ヒーロー,964.png,Double Dragon,Dark Blū,Düne,Flowers,Stoik,,Pega,,1
965,AH!rchives #965,[ˈäl̪t̪er] ヒーロー,965.png,,Pømme,Gumbo,Ye,All Caps,Borea,Pega,,1
966,AH!rchives #966,[ˈäl̪t̪er] ヒーロー,966.png,,P!nk,Seed,Stare,Yamé,!Champloo,Bulls,,1
967,AH!rchives #967,[ˈäl̪t̪er] ヒーロー,967.png,Double Dragon,Off White,Geedorah,Surprised,Quiet,,Lauriers,,1
968,AH!rchives #968,[ˈäl̪t̪er] ヒーロー,968.png,,Rain,Golden,Comet,Yamé,,,,1
969,AH!rchives #969,[ˈäl̪t̪er] ヒーロー,969.png,,P!nk,Nova,Stare,All Caps,Tee,Seiya,,1
970,AH!rchives #970,[ˈäl̪t̪er] ヒーロー,970.png,,Neo,Golden,Ye,!AH,Shiro,,White Noise,1
971,AH!rchives #971,[ˈäl̪t̪er] ヒーロー,971.png,The Next Episode,Meknah,Liquid,Mono,All Caps,,,,1
972,AH!rchives #972,[ˈäl̪t̪er] ヒーロー,972.png,,Cream,Liquid,Ye,Stoik,Clouds,Miya,,1
973,AH!rchives #973,[ˈäl̪t̪er] ヒーロー,973.png,Figaro,Blū,Redbone,Oracle,All Caps,,,Meowzart,1
974,AH!rchives #974,[ˈäl̪t̪er] ヒーロー,974.png,,Rain,Nebu,The Slayer,!AH,,,,1
975,AH!rchives #975,[ˈäl̪t̪er] ヒーロー,975.png,,Blū,Nebu,Gaze,Curls,Shimokita,,,1
976,AH!rchives #976,[ˈäl̪t̪er] ヒーロー,976.png,,Runner,Clay,Gaze,!AH,Shiro,Lauriers,,1
977,AH!rchives #977,[ˈäl̪t̪er] ヒーロー,977.png,,Blū,Odeya,Stare,All Caps,Avalanche,Lauriers,,1
978,AH!rchives #978,[ˈäl̪t̪er] ヒーロー,978.png,,Cream,Ogs,Ye,All Caps,,,,1
979,AH!rchives #979,[ˈäl̪t̪er] ヒーロー,979.png,,Pømme,Redbone,Bloody,!AH,7th Chamber,Seiya,,1
980,AH!rchives #980,[ˈäl̪t̪er] ヒーロー,980.png,,Cream,Seed,Prism,All Caps,Hoodie,,Meowzart,1
981,AH!rchives #981,[ˈäl̪t̪er] ヒーロー,981.png,,Megah!,Oshen,Stare,All Caps,,Lucid Dream,,1
982,AH!rchives #982,[ˈäl̪t̪er] ヒーロー,982.png,,,First Press,,,,,,3
983,AH!rchives #983,[ˈäl̪t̪er] ヒーロー,983.png,,Off White,Nebu,The Slayer,All Caps,Hero,Faces,,1
984,AH!rchives #984,[ˈäl̪t̪er] ヒーロー,984.png,,Pak,Nahki,Hidden,All Caps,Hero,Golf,,1
985,AH!rchives #985,[ˈäl̪t̪er] ヒーロー,985.png,,Runner,Gumbo,Ye,All Caps,,,,1
986,AH!rchives #986,[ˈäl̪t̪er] ヒーロー,986.png,Double Dragon,Pak,Oshen,Surprised,Stoik,,Miya,,1
987,AH!rchives #987,[ˈäl̪t̪er] ヒーロー,987.png,,Fayah!,Geedorah,Hidden,!AH,Muraka,Golf,,1
988,AH!rchives #988,[ˈäl̪t̪er] ヒーロー,988.png,,P!nk,Clay,Mono,All Caps,Hoodie,,,1
989,AH!rchives #989,[ˈäl̪t̪er] ヒーロー,989.png,,Red,Düne,Surprised,Stoik,Clouds,Beanie,,1
990,AH!rchives #990,[ˈäl̪t̪er] ヒーロー,990.png,,Rain,Maze,The Slayer,All Caps,Rider,Mush,,1
991,AH!rchives #991,[ˈäl̪t̪er] ヒーロー,991.png,,P!nk,Nahki,Watcher,!AH,General,,!Sensei,1
992,AH!rchives #992,[ˈäl̪t̪er] ヒーロー,992.png,The Shining,P!nk,Golden,Tribe,Yamé,,,,1
993,AH!rchives #993,[ˈäl̪t̪er] ヒーロー,993.png,,Cream,Seed,Gaze,Vomitspit,Clouds,Mellow,,1
994,AH!rchives #994,[ˈäl̪t̪er] ヒーロー,994.png,,Dark Blū,Metal Fingers,Stare,Stoik,,!!,,1
995,AH!rchives #995,[ˈäl̪t̪er] ヒーロー,995.png,,Cream,Clay,Sentinelle,Stoik,Rider,Pega,,1
996,AH!rchives #996,[ˈäl̪t̪er] ヒーロー,996.png,,Cream,Maze,Hidden,All Caps,Monk,Golf,,1
997,AH!rchives #997,[ˈäl̪t̪er] ヒーロー,997.png,,Red,Bahbū,Mono,All Caps,,,,1
998,AH!rchives #998,[ˈäl̪t̪er] ヒーロー,998.png,Barz,Rose,Metal Fingers,Watcher,All Caps,,,,1
999,AH!rchives #999,[ˈäl̪t̪er] ヒーロー,999.png,,,First Press,,,,,,3